"","item","sentence","condition","e1","e2","context","target","lp_pythia","s_lp"
"1",1,"The murder had been witnessing by the three bystanders","Attraction Violation",1,1,"The murder had been","witnessing",-11.0512943267822,-0.212241018401364
"2",1,"The murder had been witnessed in the dark.","Passive Control",1,1,"The murder had been","witnessed",-6.42312049865723,1.08287189036188
"3",1,"The bystanders had been witnessing the crime.","Active Control",1,0,"The bystanders had been","witnessing",-8.99440860748291,0.363342212878118
"4",1,"The unpleasant cough syrup was witnessing in the dark.","No-Attraction Violation",0,1,"The unpleasant cough syrup was","witnessing",-14.6032295227051,-1.20618750661999
"5",2,"Patty's overgrown lawn was mowing the boy next door.","Attraction Violation",1,1,"Patty's overgrown lawn was","mowing",-9.44507598876953,0.237230885875673
"6",2,"Patty's overgrown lawn was mowed only last week.","Passive Control",1,1,"Patty's overgrown lawn was","mowed",-8.09165978431702,0.615960566827592
"7",2,"Patty's teenage son was mowing the lawn.","Active Control",1,0,"Patty's teenage son was","mowing",-11.0571513175964,-0.21387999409495
"8",2,"All of her money had been mowing the grass.","No-Attraction Violation",0,1,"All of her money had been","mowing",-14.3117094039917,-1.1246107372654
"9",3,"Three more martinis were ordering by Laurie's sister.","Attraction Violation",1,1,"Three more martinis were","ordering",-11.275218963623,-0.274902383020021
"10",3,"Three more martinis were ordered repeatedly.","Passive Control",1,1,"Three more martinis were","ordered",-5.04572677612305,1.46831125732407
"11",3,"The regular customers were ordering quiche, as usual.","Active Control",1,0,"The regular customers were","ordering",-9.74759197235107,0.152577117457819
"12",3,"The rough part of the wood was ordering late.","No-Attraction Violation",0,1,"The rough part of the wood was","ordering",-13.6234321594238,-0.932008476124968
"13",4,"The quality of Karla's work was evaluating frequently.","Attraction Violation",1,1,"The quality of Karla's work was","evaluating",-12.9172773361206,-0.734403489534406
"14",4,"The quality of Karla's work was evaluated frequently.","Passive Control",1,1,"The quality of Karla's work was","evaluated",-5.07499217987061,1.46012184966974
"15",4,"The engineers were evaluating the success of the new device.","Active Control",1,0,"The engineers were","evaluating",-9.19380187988281,0.307545518415957
"16",4,"The old lady's purse had been evaluating Nelson's idea.","No-Attraction Violation",0,1,"The old lady's purse had been","evaluating",-15.584789276123,-1.48085971094579
"17",5,"The legal contract had been signing falsely.","Attraction Violation",1,1,"The legal contract had been","signing",-9.86101913452148,0.120836524431996
"18",5,"The legal contract had been signed by the family.","Passive Control",1,1,"The legal contract had been","signed",-2.29778695106506,2.23727380542677
"19",5,"The state's governor had been signing new legislation.","Active Control",1,0,"The state's governor had been","signing",-8.73102760314941,0.437044746815468
"20",5,"An appointment was signing falsely.","No-Attraction Violation",0,1,"An appointment was","signing",-12.5279836654663,-0.625466514198615
"21",6,"The vocabulary list was memorizing well.","Attraction Violation",1,1,"The vocabulary list was","memorizing",-17.6548066139221,-2.06011759431561
"22",6,"The vocabulary list was memorized well.","Passive Control",1,1,"The vocabulary list was","memorized",-12.8084930628538,-0.70396212717198
"23",6,"The medical students were memorizing sample exam questions all night.","Active Control",1,0,"The medical students were","memorizing",-15.7543914318085,-1.52831988624159
"24",6,"The simple coffin was memorizing the lines of the poem.","No-Attraction Violation",0,1,"The simple coffin was","memorizing",-16.2493886947632,-1.66683614964539
"25",7,"The firewood had been chopping poorly.","Attraction Violation",1,1,"The firewood had been","chopping",-11.770266354084,-0.413432673723321
"26",7,"The firewood had been chopped by Jen's grandfather.","Passive Control",1,1,"The firewood had been","chopped",-8.06921291351318,0.622241928163401
"27",7,"Jen's grandfather had been chopping the firewood.","Active Control",1,0,"Jen's grandfather had been","chopping",-13.1457849740982,-0.798347326279985
"28",7,"Mark's wrinkly shirts were chopping vegetables.","No-Attraction Violation",0,1,"Mark's wrinkly shirts were","chopping",-14.371134519577,-1.1412398089376
"29",8,"Lisa's phone had been disconnecting last month.","Attraction Violation",1,1,"Lisa's phone had been","disconnecting",-11.0800983905792,-0.220301328198208
"30",8,"Lisa's phone had been disconnected last month.","Passive Control",1,1,"Lisa's phone had been","disconnected",-5.31982803344727,1.39160884945175
"31",8,"The electrician had been disconnecting the machine's power source.","Active Control",1,0,"The electrician had been","disconnecting",-13.2182093858719,-0.818614021974879
"32",8,"Mother Theresa's death was disconnecting the two cables.","No-Attraction Violation",0,1,"Mother Theresa's death was","disconnecting",-16.3198081701994,-1.68654179922829
"33",9,"Wendy's muddy car was washing the boys.","Attraction Violation",1,1,"Wendy's muddy car was","washing",-10.3753690719604,-0.0230952439797024
"34",9,"Wendy's muddy car was washed wearily.","Passive Control",1,1,"Wendy's muddy car was","washed",-5.26404094696045,1.40721988277386
"35",9,"Wendy and Harriet were washing the muddy car.","Active Control",1,0,"Wendy and Harriet were","washing",-9.79292488098145,0.13989150163194
"36",9,"Frank's loan application had been washing the used pencil.","No-Attraction Violation",0,1,"Frank's loan application had been","washing",-17.0346145629883,-1.88656777512004
"37",10,"The library books had been borrowing the graduate student.","Attraction Violation",1,1,"The library books had been","borrowing",-11.9226570129395,-0.456076514855487
"38",10,"The library books had been borrowed by the graduate student.","Passive Control",1,1,"The library books had been","borrowed",-8.52116775512695,0.495770328070287
"39",10,"Katie and Lara had been borrowing dozens of books about botany from the library.","Active Control",1,0,"Katie and Lara had been","borrowing",-11.0713424682617,-0.217851137595465
"40",10,"The tragic mistake was borrowing in a hurry.","No-Attraction Violation",0,1,"The tragic mistake was","borrowing",-13.240496635437,-0.824850716119168
"41",11,"The dark, underwater cave was exploring by the divers.","Attraction Violation",1,1,"The dark, underwater cave was","exploring",-9.65372753143311,0.17884342758817
"42",11,"The dark, underwater cave was explored by the divers.","Passive Control",1,1,"The dark, underwater cave was","explored",-7.22416210174561,0.858714510120081
"43",11,"The cautious scuba divers were exploring the underwater cave.","Active Control",1,0,"The cautious scuba divers were","exploring",-8.60112285614014,0.473396301663938
"44",11,"The phone bill had been exploring at the zoo.","No-Attraction Violation",0,1,"The phone bill had been","exploring",-15.3236389160156,-1.40778138349664
"45",12,"The unpleasant cough syrup was swallowing the boy.","Attraction Violation",1,1,"The unpleasant cough syrup was","swallowing",-10.6398992538452,-0.0971193550090939
"46",12,"The unpleasant cough syrup was swallowed by the boy.","Passive Control",1,1,"The unpleasant cough syrup was","swallowed",-6.32703304290771,1.10976027202879
"47",12,"The huge adult alligator had been swallowing fish by the bucket.","Active Control",1,0,"The huge adult alligator had been","swallowing",-10.7802181243896,-0.136385118857639
"48",12,"The murder had been swallowing with disgust.","No-Attraction Violation",0,1,"The murder had been","swallowing",-14.0097427368164,-1.04011068536623
"49",13,"The pizza had been delivering once more.","Attraction Violation",1,1,"The pizza had been","delivering",-8.13295555114746,0.604404674009916
"50",13,"The pizza had been delivered by Antonio himself.","Passive Control",1,1,"The pizza had been","delivered",-3.99965476989746,1.76103607905089
"51",13,"The exhausted messenger had been delivering packages all over town.","Active Control",1,0,"The exhausted messenger had been","delivering",-8.15832710266113,0.597304892303139
"52",13,"A genetic mutation was delivering once more.","No-Attraction Violation",0,1,"A genetic mutation was","delivering",-13.5818977355957,-0.920385799351041
"53",14,"Frank's loan application had been approving by the bank.","Attraction Violation",1,1,"Frank's loan application had been","approving",-11.2340774536133,-0.263389656255987
"54",14,"Frank's loan application had been approved anyways.","Passive Control",1,1,"Frank's loan application had been","approved",-3.01776838302612,2.03579968599414
"55",14,"The board of directors had been approving too many expensive projects.","Active Control",1,0,"The board of directors had been","approving",-8.22818660736084,0.577755940665544
"56",14,"Wendy's muddy car was approving the boy's request.","No-Attraction Violation",0,1,"Wendy's muddy car was","approving",-13.9942655563354,-1.03577966907848
"57",15,"The cheap products had been manufacturing a Belgian firm.","Attraction Violation",1,1,"The cheap products had been","manufacturing",-8.50446891784668,0.500443203490738
"58",15,"The cheap products had been manufactured by a Belgian firm.","Passive Control",1,1,"The cheap products had been","manufactured",-4.38288640975952,1.65379545623424
"59",15,"The auto company had been manufacturing parts in China.","Active Control",1,0,"The auto company had been","manufacturing",-7.12006282806396,0.88784485788677
"60",15,"A drawing of the house had been manufacturing at a factory.","No-Attraction Violation",0,1,"A drawing of the house had been","manufacturing",-12.6462554931641,-0.658562801521176
"61",16,"Their secret conversation had been overhearing by a surprised neighbor.","Attraction Violation",1,1,"Their secret conversation had been","overhearing",-11.8863701820374,-0.44592228451223
"62",16,"Their secret conversation had been overheard by a surprised neighbor.","Passive Control",1,1,"Their secret conversation had been","overheard",-8.66005182266235,0.45690606856612
"63",16,"The annoyed resident had been overhearing his neighbor's phone conversations through the wall.","Active Control",1,0,"The annoyed resident had been","overhearing",-11.1212069988251,-0.231804847983259
"64",16,"A wet snowball had been overhearing despite the precautions.","No-Attraction Violation",0,1,"A wet snowball had been","overhearing",-13.1117148399353,-0.788813399466448
"65",17,"The rough part of the wood was sanding to perfection.","Attraction Violation",1,1,"The rough part of the wood was","sanding",-11.5332369804382,-0.34710417938302
"66",17,"The rough part of the wood was sanded by the carpenter.","Passive Control",1,1,"The rough part of the wood was","sanded",-9.85348463058472,0.122944922619276
"67",17,"The skillful carpenter was sanding the rough edge of the wood.","Active Control",1,0,"The skillful carpenter was","sanding",-14.4084601402283,-1.15168472629124
"68",17,"Three more martinis were sanding the chair.","No-Attraction Violation",0,1,"Three more martinis were","sanding",-16.3404388427734,-1.69231492948644
"69",18,"A package had been receiving by the secretary in the office.","Attraction Violation",1,1,"A package had been","receiving",-9.73335075378418,0.156562271578526
"70",18,"A package had been received by the secretary in the office.","Passive Control",1,1,"A package had been","received",-6.06684732437134,1.18256866152889
"71",18,"The secretary had been receiving flowers all day.","Active Control",1,0,"The secretary had been","receiving",-7.11913871765137,0.888103453905183
"72",18,"The noises in the attic had been receiving assistance from the government.","No-Attraction Violation",0,1,"The noises in the attic had been","receiving",-9.74665069580078,0.152840517117441
"73",19,"The club's rules had been violating Richard.","Attraction Violation",1,1,"The club's rules had been","violating",-10.3009624481201,-0.0022738611596571
"74",19,"The club's rules had been violated only twice.","Passive Control",1,1,"The club's rules had been","violated",-4.18304252624512,1.70971824627813
"75",19,"The rebel had been violating the rules.","Active Control",1,0,"The rebel had been","violating",-9.98242092132568,0.0868643731956757
"76",19,"Thirty pounds of potatoes had been violating only twice.","No-Attraction Violation",0,1,"Thirty pounds of potatoes had been","violating",-12.8773956298828,-0.723243296661314
"77",20,"A new medication had been prescribing the physician.","Attraction Violation",1,1,"A new medication had been","prescribing",-9.21371269226074,0.301973828351527
"78",20,"A new medication had been prescribed by the physician.","Passive Control",1,1,"A new medication had been","prescribed",-2.72018218040466,2.11907394206093
"79",20,"The new doctor had been prescribing powerful painkillers for Jelena's sore knee.","Active Control",1,0,"The new doctor had been","prescribing",-8.47895622253418,0.507582481803011
"80",20,"The portrait of Napoleon had been prescribing with caution.","No-Attraction Violation",0,1,"The portrait of Napoleon had been","prescribing",-15.3989791870117,-1.42886403102466
"81",21,"The wheat crops had been harvesting by the local farmers.","Attraction Violation",1,1,"The wheat crops had been","harvesting",-7.42594909667969,0.802247974578232
"82",21,"The wheat crops had been harvested after the rain.","Passive Control",1,1,"The wheat crops had been","harvested",-3.42314171791077,1.92236309990761
"83",21,"The local farmers had been harvesting the corn all week.","Active Control",1,0,"The local farmers had been","harvesting",-7.23318386077881,0.856189929795839
"84",21,"The elevator button had been harvesting after the rain.","No-Attraction Violation",0,1,"The elevator button had been","harvesting",-15.4359722137451,-1.43921587782988
"85",22,"The musical piece was composing by Beethoven in 1799.","Attraction Violation",1,1,"The musical piece was","composing",-9.71457767486572,0.161815586978388
"86",22,"The musical piece was composed in a dream.","Passive Control",1,1,"The musical piece was","composed",-4.31272220611572,1.67342967250329
"87",22,"Ludwig von Beethoven was composing symphonies as a teenager.","Active Control",1,0,"Ludwig von Beethoven was","composing",-9.07289123535156,0.341380232139911
"88",22,"The bank had been composing in a dream.","No-Attraction Violation",0,1,"The bank had been","composing",-9.684739112854,0.170165382875308
"89",23,"The old lady's purse had been snatching a kid.","Attraction Violation",1,1,"The old lady's purse had been","snatching",-9.26778519153595,0.286842592053779
"90",23,"The old lady's purse had been snatched with speed.","Passive Control",1,1,"The old lady's purse had been","snatched",-5.59734439849854,1.31395078384782
"91",23,"The clever dog had been snatching cookies from the table.","Active Control",1,0,"The clever dog had been","snatching",-9.52919578552246,0.213691442738249
"92",23,"The quality of Karla's work was snatching victory from the jaws of defeat.","No-Attraction Violation",0,1,"The quality of Karla's work was","snatching",-15.9769449234009,-1.59059756001869
"93",24,"Olson's bulging suitcase had been packing his assistant.","Attraction Violation",1,1,"Olson's bulging suitcase had been","packing",-7.26814365386963,0.846407047604926
"94",24,"Olson's bulging suitcase had been packed for the trip.","Passive Control",1,1,"Olson's bulging suitcase had been","packed",-3.74458384513855,1.83241318362245
"95",24,"The excited vacationers had been packing their suitcases when the hurricane hit.","Active Control",1,0,"The excited vacationers had been","packing",-7.47783279418945,0.787729235893241
"96",24,"Stormy weather had been packing for the trip.","No-Attraction Violation",0,1,"Stormy weather had been","packing",-11.2026767730713,-0.254602729009056
"97",25,"Several spelling errors were noticing the careful editor.","Attraction Violation",1,1,"Several spelling errors were","noticing",-14.9333562850952,-1.29856766505343
"98",25,"Several spelling errors were noticed by the careful editor.","Passive Control",1,1,"Several spelling errors were","noticed",-6.74829721450806,0.991876915244824
"99",25,"Brittany's close friends were noticing changes in her personality.","Active Control",1,0,"Brittany's close friends were","noticing",-11.2574272155762,-0.269923675775936
"100",25,"The final destination had been noticing too late.","No-Attraction Violation",0,1,"The final destination had been","noticing",-14.6254501342773,-1.21240555329597
"101",26,"An illegal weapon had been smuggling only once.","Attraction Violation",1,1,"An illegal weapon had been","smuggling",-9.77326607704163,0.145392671574734
"102",26,"An illegal weapon had been smuggled only once.","Passive Control",1,1,"An illegal weapon had been","smuggled",-8.24517691507936,0.573001502377944
"103",26,"The drug dealer had been smuggling heroin into Canada.","Active Control",1,0,"The drug dealer had been","smuggling",-9.98278617858887,0.0867621623855082
"104",26,"Cleopatra's beauty was smuggling only once.","No-Attraction Violation",0,1,"Cleopatra's beauty was","smuggling",-15.676176071167,-1.50643269552832
"105",27,"The leftover food was discarding wastefully.","Attraction Violation",1,1,"The leftover food was","discarding",-15.2490367889404,-1.38690529254061
"106",27,"The leftover food was discarded wastefully.","Passive Control",1,1,"The leftover food was","discarded",-6.38986206054688,1.0921786783352
"107",27,"The campers were discarding the leftover food.","Active Control",1,0,"The campers were","discarding",-14.5523567199707,-1.19195164902841
"108",27,"The sleek new building was discarding wastefully.","No-Attraction Violation",0,1,"The sleek new building was","discarding",-16.1229386329651,-1.63145132759022
"109",28,"Thirty pounds of potatoes had been peeling by the cooks.","Attraction Violation",1,1,"Thirty pounds of potatoes had been","peeling",-9.92068839073181,0.104139134307044
"110",28,"Thirty pounds of potatoes had been peeled carefully.","Passive Control",1,1,"Thirty pounds of potatoes had been","peeled",-8.06037330627441,0.624715536517036
"111",28,"The bored looking cooks had been peeling potatoes for hours.","Active Control",1,0,"The bored looking cooks had been","peeling",-12.2136201858521,-0.537497432739741
"112",28,"The club's rules had been peeling the sticker off the box.","No-Attraction Violation",0,1,"The club's rules had been","peeling",-18.9570322036743,-2.42452248359635
"113",29,"The grimy pots and pans had been scrubbing the dishwashers.","Attraction Violation",1,1,"The grimy pots and pans had been","scrubbing",-11.5417206287384,-0.349478178898809
"114",29,"The grimy pots and pans had been scrubbed by the dishwashers.","Passive Control",1,1,"The grimy pots and pans had been","scrubbed",-8.32577923312783,0.550446363686639
"115",29,"The guys in the kitchen had been scrubbing the pots and pans.","Active Control",1,0,"The guys in the kitchen had been","scrubbing",-10.1049518585205,0.0525762491153912
"116",29,"The stolen artwork had been scrubbing with vigor.","No-Attraction Violation",0,1,"The stolen artwork had been","scrubbing",-15.082389831543,-1.34027207742237
"117",30,"The roast lamb had been carving by a servant.","Attraction Violation",1,1,"The roast lamb had been","carving",-13.3987832069397,-0.86914442453419
"118",30,"The roast lamb had been carved by a servant.","Passive Control",1,1,"The roast lamb had been","carved",-9.17475032806396,0.312876759550985
"119",30,"The butcher had been carving the meat.","Active Control",1,0,"The butcher had been","carving",-13.8807926177979,-1.00402626634277
"120",30,"Janet's houseplants were carving before dinner.","No-Attraction Violation",0,1,"Janet's houseplants were","carving",-13.9299592971802,-1.01778469537197
"121",31,"Cleopatra's beauty was admiring many people.","Attraction Violation",1,1,"Cleopatra's beauty was","admiring",-12.112312078476,-0.509148143690174
"122",31,"Cleopatra's beauty was admired always.","Passive Control",1,1,"Cleopatra's beauty was","admired",-8.43867111206055,0.518855560244512
"123",31,"The men were admiring the beautiful woman from a distance.","Active Control",1,0,"The men were","admiring",-11.4208145141602,-0.315644732802396
"124",31,"An illegal weapon had been admiring always.","No-Attraction Violation",0,1,"An illegal weapon had been","admiring",-18.9306635856628,-2.41714369039602
"125",32,"A wet snowball had been tossing by the girls through the window.","Attraction Violation",1,1,"A wet snowball had been","tossing",-9.68552875518799,0.169944415379698
"126",32,"A wet snowball had been tossed in anger.","Passive Control",1,1,"A wet snowball had been","tossed",-7.20554828643799,0.863923258404282
"127",32,"The baseball players had been tossing the ball around the infield.","Active Control",1,0,"The baseball players had been","tossing",-8.80457019805908,0.416465147269605
"128",32,"Their secret conversation had been tossing a steak on the grill.","No-Attraction Violation",0,1,"Their secret conversation had been","tossing",-11.8424024581909,-0.433618691596938
"129",33,"The sealed envelope was opening the judge.","Attraction Violation",1,1,"The sealed envelope was","opening",-9.89320945739746,0.111828629689455
"130",33,"The sealed envelope was opened without permission.","Passive Control",1,1,"The sealed envelope was","opened",-5.69032859802246,1.2879307937639
"131",33,"Tuxedoed waiters were opening bottles of champagne for the toast.","Active Control",1,0,"Tuxedoed waiters were","opening",-8.80492782592773,0.416365071411086
"132",33,"The men's faces had been opening without permission.","No-Attraction Violation",0,1,"The men's faces had been","opening",-10.7524042129517,-0.128601885754416
"133",34,"The man's beard had been shaving twice a day.","Attraction Violation",1,1,"The man's beard had been","shaving",-12.5494327545166,-0.631468663889155
"134",34,"The man's beard had been shaved twice a day.","Passive Control",1,1,"The man's beard had been","shaved",-6.52038004249334,1.05565552049325
"135",34,"His uncle Ralph had been shaving his beard off.","Active Control",1,0,"His uncle Ralph had been","shaving",-13.0158307552338,-0.76198192760442
"136",34,"The popular amusement park is shaving twice a day.","No-Attraction Violation",0,1,"The popular amusement park is","shaving",-16.2282114028931,-1.66091005760733
"137",35,"The elevator button had been pressing slowly.","Attraction Violation",1,1,"The elevator button had been","pressing",-10.8686666488647,-0.161135880186578
"138",35,"The elevator button had been pressed by the attendant.","Passive Control",1,1,"The elevator button had been","pressed",-4.38844203948975,1.65224081113076
"139",35,"The attendant had been pressing the buttons.","Active Control",1,0,"The attendant had been","pressing",-9.55380058288574,0.206806223672137
"140",35,"The wheat crops had been pressing slowly.","No-Attraction Violation",0,1,"The wheat crops had been","pressing",-11.4043350219727,-0.311033237241837
"141",36,"The winning lottery numbers had been announcing the TV news.","Attraction Violation",1,1,"The winning lottery numbers had been","announcing",-10.5239953994751,-0.0646857033044069
"142",36,"The winning lottery numbers had been announced by the TV news.","Passive Control",1,1,"The winning lottery numbers had been","announced",-5.6416711807251,1.30154671477057
"143",36,"The flight attendant had been announcing the reason for the delay.","Active Control",1,0,"The flight attendant had been","announcing",-10.5003204345703,-0.058060681470444
"144",36,"The tarnished silverware was announcing on the television.","No-Attraction Violation",0,1,"The tarnished silverware was","announcing",-12.4520130157471,-0.604207466290646
"145",37,"The victim's body had been identifying at the morgue.","Attraction Violation",1,1,"The victim's body had been","identifying",-11.1798896789551,-0.248226162173176
"146",37,"The victim's body had been identified by the family members.","Passive Control",1,1,"The victim's body had been","identified",-5.28816652297974,1.40046876535816
"147",37,"The laboratory technicians had been identifying the chemical.","Active Control",1,0,"The laboratory technicians had been","identifying",-9.95234870910645,0.0952795519868279
"148",37,"The movie was identifying rare fish for the divers.","No-Attraction Violation",0,1,"The movie was","identifying",-13.7035303115845,-0.954422532874725
"149",38,"The hearty meal was devouring by the kids.","Attraction Violation",1,1,"The hearty meal was","devouring",-12.9528193473816,-0.744349295222988
"150",38,"The hearty meal was devoured with gusto.","Passive Control",1,1,"The hearty meal was","devoured",-10.7286981344223,-0.121968157320761
"151",38,"The hungry boys were devouring the plate of cookies when Jack arrived.","Active Control",1,0,"The hungry boys were","devouring",-11.4829323291779,-0.333027308972009
"152",38,"The dusty tabletops were devouring with gusto.","No-Attraction Violation",0,1,"The dusty tabletops were","devouring",-12.6494178771973,-0.659447738979441
"153",39,"The overgrown shrubs were trimming regularly.","Attraction Violation",1,1,"The overgrown shrubs were","trimming",-12.128732919693,-0.513743226809936
"154",39,"The overgrown shrubs were trimmed by a gardener.","Passive Control",1,1,"The overgrown shrubs were","trimmed",-7.27464866638184,0.844586734455703
"155",39,"A gardener was trimming the overgrown shrubbery.","Active Control",1,0,"A gardener was","trimming",-12.9028606414795,-0.730369231525785
"156",39,"The alarm clock had been trimming regularly.","No-Attraction Violation",0,1,"The alarm clock had been","trimming",-17.2930943965912,-1.95889880277501
"157",40,"Wilson's unreasonable proposal was rejecting by the boss.","Attraction Violation",1,1,"Wilson's unreasonable proposal was","rejecting",-10.1787757873535,0.031917923227493
"158",40,"Wilson's unreasonable proposal was rejected at the hospital.","Passive Control",1,1,"Wilson's unreasonable proposal was","rejected",-2.68414735794067,2.12915765228255
"159",40,"The admissions committee was rejecting nearly every application.","Active Control",1,0,"The admissions committee was","rejecting",-10.7143106460571,-0.117942072173919
"160",40,"The rare bird's behavior was rejecting all offers.","No-Attraction Violation",0,1,"The rare bird's behavior was","rejecting",-14.1196403503418,-1.07086359638571
"161",41,"Hathaway's gigantic fortune had been inheriting by his daughters.","Attraction Violation",1,1,"Hathaway's gigantic fortune had been","inheriting",-13.451079249382,-0.883778550684055
"162",41,"Hathaway's gigantic fortune had been inherited by his daughters.","Passive Control",1,1,"Hathaway's gigantic fortune had been","inherited",-6.87478828430176,0.956480617824538
"163",41,"Generations of aristocratic Englishmen have been inheriting their fortunes.","Active Control",1,0,"Generations of aristocratic Englishmen have been","inheriting",-12.2642003297806,-0.551651394920431
"164",41,"The strange mystery had been inheriting the estate from her grandmother.","No-Attraction Violation",0,1,"The strange mystery had been","inheriting",-14.6587772369385,-1.22173155583413
"165",42,"All of her money had been spending before the wedding.","Attraction Violation",1,1,"All of her money had been","spending",-8.96608448028564,0.371268220872829
"166",42,"All of her money had been spent before the wedding.","Passive Control",1,1,"All of her money had been","spent",-3.18361401557922,1.98939070751622
"167",42,"The shopping fanatic had been spending all her money in Bloomingdales.","Active Control",1,0,"The shopping fanatic had been","spending",-6.43058633804321,1.08078270673944
"168",42,"Patty's overgrown lawn was spending its time on the beach.","No-Attraction Violation",0,1,"Patty's overgrown lawn was","spending",-11.1089200973511,-0.228366575070738
"169",43,"An appointment was scheduling by the secretary.","Attraction Violation",1,1,"An appointment was","scheduling",-11.0384817123413,-0.208655633976821
"170",43,"An appointment was scheduled by the secretary.","Passive Control",1,1,"An appointment was","scheduled",-4.56802272796631,1.60198831923056
"171",43,"The secretary was scheduling new appointments for the afternoon.","Active Control",1,0,"The secretary was","scheduling",-10.97922706604,-0.192074265130512
"172",43,"The legal contract had been scheduling for next week.","No-Attraction Violation",0,1,"The legal contract had been","scheduling",-15.5225324630737,-1.46343823862583
"173",44,"The men's faces had been photographing by a security camera.","Attraction Violation",1,1,"The men's faces had been","photographing",-10.199956536293,0.0259908637894616
"174",44,"The men's faces had been photographed by a security camera.","Passive Control",1,1,"The men's faces had been","photographed",-7.02425479888916,0.914655046949553
"175",44,"The intrusive reporter had been photographing the celebrities at the party.","Active Control",1,0,"The intrusive reporter had been","photographing",-10.3950965106487,-0.0286156201476769
"176",44,"The sealed envelope was photographing at the party.","No-Attraction Violation",0,1,"The sealed envelope was","photographing",-13.4580013751984,-0.88571558564293
"177",45,"The broken television had been repairing the technician.","Attraction Violation",1,1,"The broken television had been","repairing",-10.1951236724854,0.0273432555828689
"178",45,"The broken television had been repaired by the technician.","Passive Control",1,1,"The broken television had been","repaired",-7.52446937561035,0.774678810204441
"179",45,"The competent technician had been repairing the television.","Active Control",1,0,"The competent technician had been","repairing",-9.00667381286621,0.359910011234348
"180",45,"Larry's note had been repairing the computer's hard drive.","No-Attraction Violation",0,1,"Larry's note had been","repairing",-14.6008453369141,-1.20552033422986
"181",46,"The alarm clock had been unplugging accidentally.","Attraction Violation",1,1,"The alarm clock had been","unplugging",-10.6632363796234,-0.103649838515376
"182",46,"The alarm clock had been unplugged late.","Passive Control",1,1,"The alarm clock had been","unplugged",-7.73501373827457,0.715761679586589
"183",46,"The frantic woman had been unplugging every electrical device in the house.","Active Control",1,0,"The frantic woman had been","unplugging",-13.0018409490585,-0.758067126812252
"184",46,"The overgrown shrubs were unplugging accidentally.","No-Attraction Violation",0,1,"The overgrown shrubs were","unplugging",-15.0303754806519,-1.32571677769039
"185",47,"The car door had been unlocking late at night.","Attraction Violation",1,1,"The car door had been","unlocking",-11.6036350727081,-0.366803845263544
"186",47,"The car door had been unlocked by the child.","Passive Control",1,1,"The car door had been","unlocked",-2.90471076965332,2.06743686729949
"187",47,"The babysitter had been unlocking the back door.","Active Control",1,0,"The babysitter had been","unlocking",-12.3769726902246,-0.583208753219133
"188",47,"The Queen's 80th birthday was unlocking late at night.","No-Attraction Violation",0,1,"The Queen's 80th birthday was","unlocking",-15.3343849480152,-1.41078847123308
"189",48,"The portrait of Napoleon had been painting by a Dutch artist.","Attraction Violation",1,1,"The portrait of Napoleon had been","painting",-6.99193334579468,0.923699636173551
"190",48,"The portrait of Napoleon had been painted by a Dutch artist.","Passive Control",1,1,"The portrait of Napoleon had been","painted",-2.57957983016968,2.15841903270666
"191",48,"The French Impressionist artists had been painting with a focus on light and color.","Active Control",1,0,"The French Impressionist artists had been","painting",-6.58337688446045,1.03802696411814
"192",48,"A new medication had been painting on Tuesday.","No-Attraction Violation",0,1,"A new medication had been","painting",-15.3877429962158,-1.42571978098447
"193",49,"The embarrassing allegations had been denying by the mayor.","Attraction Violation",1,1,"The embarrassing allegations had been","denying",-11.9755010604858,-0.470863990579222
"194",49,"The embarrassing allegations had been denied by the mayor.","Passive Control",1,1,"The embarrassing allegations had been","denied",-5.75577449798584,1.26961691165491
"195",49,"The embarassed mayor had been denying allegations of corruption.","Active Control",1,0,"The embarassed mayor had been","denying",-11.0065422058105,-0.199717925769721
"196",49,"Tamara's birthday gift had been denying the rumor.","No-Attraction Violation",0,1,"Tamara's birthday gift had been","denying",-15.5650310516357,-1.47533071991433
"197",50,"The noises in the attic had been hearing nightly.","Attraction Violation",1,1,"The noises in the attic had been","hearing",-8.27462100982666,0.564762091195427
"198",50,"The noises in the attic had been heard by the boys.","Passive Control",1,1,"The noises in the attic had been","heard",-2.52169156074524,2.17461804505619
"199",50,"The frightened campers had been hearing noises in the woods.","Active Control",1,0,"The frightened campers had been","hearing",-7.97827816009521,0.647688416860764
"200",50,"A package had been hearing nightly.","No-Attraction Violation",0,1,"A package had been","hearing",-12.7018566131592,-0.674121795396854
"201",51,"The appetizers had been serving before the meal.","Attraction Violation",1,1,"The appetizers had been","serving",-7.30180835723877,0.836986573456331
"202",51,"The appetizers had been served before the meal.","Passive Control",1,1,"The appetizers had been","served",-3.73723340034485,1.83447007610121
"203",51,"The waiters had been serving the meal.","Active Control",1,0,"The waiters had been","serving",-7.60568714141846,0.75195144930028
"204",51,"The final exams had been serving before the meal.","No-Attraction Violation",0,1,"The final exams had been","serving",-11.5035839080811,-0.338806289498052
"205",52,"Billy's unruly hair was combing his mother to one side.","Attraction Violation",1,1,"Billy's unruly hair was","combing",-10.7951033115387,-0.14055047624092
"206",52,"Billy's unruly hair was combed by his mother to one side.","Passive Control",1,1,"Billy's unruly hair was","combed",-7.61664909124374,0.748883940764263
"207",52,"The patient barber was combing the boy's hair to one side.","Active Control",1,0,"The patient barber was","combing",-10.8781450986862,-0.163788257382148
"208",52,"The girl's disease was combing the area for escaped prisoners.","No-Attraction Violation",0,1,"The girl's disease was","combing",-14.1954598426819,-1.09208034556415
"209",53,"A drawing of the house had been sketching again.","Attraction Violation",1,1,"A drawing of the house had been","sketching",-11.8142454624176,-0.425739452386775
"210",53,"A drawing of the house had been sketched again.","Passive Control",1,1,"A drawing of the house had been","sketched",-9.52956133335829,0.213589150616447
"211",53,"An artist in the studio had been sketching the house.","Active Control",1,0,"An artist in the studio had been","sketching",-8.96488723158836,0.371603249828186
"212",53,"The cheap products had been sketching again.","No-Attraction Violation",0,1,"The cheap products had been","sketching",-14.6911954879761,-1.23080323225716
"213",54,"The simple coffin was burying the villagers.","Attraction Violation",1,1,"The simple coffin was","burying",-11.6987743973732,-0.393426909150206
"214",54,"The simple coffin was buried at the church.","Passive Control",1,1,"The simple coffin was","buried",-6.65211868286133,1.01879078289703
"215",54,"The tribal people were burying their dead.","Active Control",1,0,"The tribal people were","burying",-11.2858760263771,-0.277884574280509
"216",54,"The vocabulary list was burying at the church.","No-Attraction Violation",0,1,"The vocabulary list was","burying",-15.863648802042,-1.55889363645536
"217",55,"The homicide case had been investigating diligently.","Attraction Violation",1,1,"The homicide case had been","investigating",-9.64254474639893,0.181972732966823
"218",55,"The homicide case had been investigated by the FBI.","Passive Control",1,1,"The homicide case had been","investigated",-6.33492755889893,1.1075511308106
"219",55,"The FBI agents had been investigating the homicide case for weeks.","Active Control",1,0,"The FBI agents had been","investigating",-5.3002815246582,1.39707859557497
"220",55,"Martin's tonsils had been investigating the problem.","No-Attraction Violation",0,1,"Martin's tonsils had been","investigating",-11.6412601470947,-0.37733255946938
"221",56,"Mark's wrinkly shirts were ironing by his mother.","Attraction Violation",1,1,"Mark's wrinkly shirts were","ironing",-12.6694982051849,-0.665066865000809
"222",56,"Mark's wrinkly shirts were ironed by his mother.","Passive Control",1,1,"Mark's wrinkly shirts were","ironed",-9.52679803967476,0.214362409671345
"223",56,"Mark's doting mother was ironing his shirts while he slept.","Active Control",1,0,"Mark's doting mother was","ironing",-11.9468600749969,-0.462849315373863
"224",56,"The firewood had been ironing her dress.","No-Attraction Violation",0,1,"The firewood had been","ironing",-12.7821626663208,-0.69659402957903
"225",57,"An important lesson had been learning in space.","Attraction Violation",1,1,"An important lesson had been","learning",-5.88361263275146,1.2338436618342
"226",57,"An important lesson had been learned in space.","Passive Control",1,1,"An important lesson had been","learned",-2.15961360931396,2.27593918084144
"227",57,"The children had been learning Spanish.","Active Control",1,0,"The children had been","learning",-7.80473661422729,0.696250961096776
"228",57,"The bathroom floor had been learning in space.","No-Attraction Violation",0,1,"The bathroom floor had been","learning",-14.3912305831909,-1.14686333829675
"229",58,"The height of the bookcase was measuring by a carpenter.","Attraction Violation",1,1,"The height of the bookcase was","measuring",-9.0423641204834,0.3499227074231
"230",58,"The height of the bookcase was measured incorrectly.","Passive Control",1,1,"The height of the bookcase was","measured",-4.89938020706177,1.50926376640934
"231",58,"The carpenter was measuring the height of the bookcase.","Active Control",1,0,"The carpenter was","measuring",-7.97143077850342,0.649604535965209
"232",58,"An urgent message had been measuring her heart rate.","No-Attraction Violation",0,1,"An urgent message had been","measuring",-13.3238315582275,-0.848170526105762
"233",59,"Several important topics were discussing despite the weather.","Attraction Violation",1,1,"Several important topics were","discussing",-7.95258283615112,0.654878800578121
"234",59,"Several important topics were discussed by the board of trustees.","Passive Control",1,1,"Several important topics were","discussed",-1.86640107631683,2.35798954251716
"235",59,"The board members were discussing several important topics.","Active Control",1,0,"The board members were","discussing",-7.32116508483887,0.831569934255366
"236",59,"The fresh, warm bread was discussing despite the weather.","No-Attraction Violation",0,1,"The fresh, warm bread was","discussing",-14.3090972900391,-1.12387978319478
"237",60,"The dusty tabletops were wiping thoroughly.","Attraction Violation",1,1,"The dusty tabletops were","wiping",-10.8089790344238,-0.144433352834222
"238",60,"The dusty tabletops were wiped thoroughly.","Passive Control",1,1,"The dusty tabletops were","wiped",-8.61098098754883,0.47063767726524
"239",60,"The tired busboy was wiping for hours.","Active Control",1,0,"The tired busboy was","wiping",-10.6342010498047,-0.0955248129966899
"240",60,"The hearty meal was wiping thoroughly.","No-Attraction Violation",0,1,"The hearty meal was","wiping",-13.9855880737305,-1.03335142844738
"241",61,"A tiny spy camera was concealing by the agent inside a flowerpot.","Attraction Violation",1,1,"A tiny spy camera was","concealing",-11.8807977288961,-0.444362931673577
"242",61,"A tiny spy camera was concealed by the agent inside a flowerpot.","Passive Control",1,1,"A tiny spy camera was","concealed",-9.35018730163574,0.263783813264823
"243",61,"The sneaky lawyer was concealing the truth.","Active Control",1,0,"The sneaky lawyer was","concealing",-11.1876230370253,-0.250390206186392
"244",61,"A faint light was concealing their identity.","No-Attraction Violation",0,1,"A faint light was","concealing",-11.599494561553,-0.365645196162402
"245",62,"The fresh, warm bread was slicing by the baker into halves.","Attraction Violation",1,1,"The fresh, warm bread was","slicing",-10.1202087774873,0.0483068691319207
"246",62,"The fresh, warm bread was sliced with love.","Passive Control",1,1,"The fresh, warm bread was","sliced",-6.13595867156982,1.16322906858732
"247",62,"The chef's assistants were slicing the mushrooms for a pie.","Active Control",1,0,"The chef's assistants were","slicing",-12.6716503758216,-0.665669112037535
"248",62,"Several important topics were slicing with love.","No-Attraction Violation",0,1,"Several important topics were","slicing",-15.7131823590025,-1.51678825321934
"249",63,"The tarnished silverware was polishing by the butler.","Attraction Violation",1,1,"The tarnished silverware was","polishing",-10.9612903594971,-0.187054993805107
"250",63,"The tarnished silverware was polished by the butler.","Passive Control",1,1,"The tarnished silverware was","polished",-7.16380500793457,0.875604379479584
"251",63,"The thorough butler was polishing the doorknobs.","Active Control",1,0,"The thorough butler was","polishing",-11.713659286499,-0.397592183136938
"252",63,"The winning lottery numbers had been polishing his shoes.","No-Attraction Violation",0,1,"The winning lottery numbers had been","polishing",-15.6370611190796,-1.49548706529589
"253",64,"Poisonous fumes had been inhaling the firefighters.","Attraction Violation",1,1,"Poisonous fumes had been","inhaling",-11.6588965654373,-0.382267800432248
"254",64,"Poisonous fumes had been inhaled by the firefighters.","Passive Control",1,1,"Poisonous fumes had been","inhaled",-8.64484405517578,0.461161694373786
"255",64,"The firefighters had been inhaling the smoke.","Active Control",1,0,"The firefighters had been","inhaling",-11.6824941560626,-0.388871170437238
"256",64,"The man's signature was inhaling during the fire.","No-Attraction Violation",0,1,"The man's signature was","inhaling",-14.3782140016556,-1.14322087727423
"257",65,"A genetic mutation was discovering the scientists.","Attraction Violation",1,1,"A genetic mutation was","discovering",-13.7850542068481,-0.977235558713778
"258",65,"A genetic mutation was discovered suddenly.","Passive Control",1,1,"A genetic mutation was","discovered",-4.35292530059814,1.66217954479201
"259",65,"The excited explorers were discovering ancient artifacts everywhere they looked.","Active Control",1,0,"The excited explorers were","discovering",-6.84332847595215,0.965284090946744
"260",65,"The pizza had been discovering new methods for making dough.","No-Attraction Violation",0,1,"The pizza had been","discovering",-12.9121475219727,-0.732968001419808
"261",66,"The Queen's 80th birthday was celebrating expensively.","Attraction Violation",1,1,"The Queen's 80th birthday was","celebrating",-7.25604248046875,0.849793347788256
"262",66,"The Queen's 80th birthday was celebrated by thousands of people in the streets.","Passive Control",1,1,"The Queen's 80th birthday was","celebrated",-3.09588646888733,2.01393971591438
"263",66,"Thousands of excited fans were celebrating the Superbowl victory in the streets.","Active Control",1,0,"Thousands of excited fans were","celebrating",-6.93541812896729,0.939514423943604
"264",66,"The car door had been celebrating her promotion.","No-Attraction Violation",0,1,"The car door had been","celebrating",-16.2827625274658,-1.67617522876239
"265",67,"The diagram on the chalkboard had been erasing Mrs. Larson.","Attraction Violation",1,1,"The diagram on the chalkboard had been","erasing",-11.6221837997437,-0.371994379741494
"266",67,"The diagram on the chalkboard had been erased by Mrs. Larson.","Passive Control",1,1,"The diagram on the chalkboard had been","erased",-7.45744037628174,0.793435694780476
"267",67,"Mrs. Larson had been erasing the chalkboard.","Active Control",1,0,"Mrs. Larson had been","erasing",-13.8017282485962,-0.981901495541372
"268",67,"Food for the homeless had been erasing over and over.","No-Attraction Violation",0,1,"Food for the homeless had been","erasing",-13.2234654426575,-0.820084836867534
"269",68,"The movie was directing Steven Spielberg.","Attraction Violation",1,1,"The movie was","directing",-9.51037693023682,0.218957567848001
"270",68,"The movie was directed professionally.","Passive Control",1,1,"The movie was","directed",-3.18628025054932,1.98864460863234
"271",68,"Steven Spielberg was directing another blockbuster.","Active Control",1,0,"Steven Spielberg was","directing",-9.2029857635498,0.304975570369187
"272",68,"The victim's body had been directing the police.","No-Attraction Violation",0,1,"The victim's body had been","directing",-13.1846504211426,-0.809223136921785
"273",69,"Theresa's birthday gift had been wrapping yesterday.","Attraction Violation",1,1,"Theresa's birthday gift had been","wrapping",-10.285267829895,0.00211800125007214
"274",69,"Theresa's birthday gift had been wrapped yesterday.","Passive Control",1,1,"Theresa's birthday gift had been","wrapped",-7.25536060333252,0.849984159091832
"275",69,"Theresa's loving grandmother had been wrapping the presents.","Active Control",1,0,"Theresa's loving grandmother had been","wrapping",-11.9699745178223,-0.469317484978908
"276",69,"The embarrassing allegations had been wrapping yesterday.","No-Attraction Violation",0,1,"The embarrassing allegations had been","wrapping",-12.3875865936279,-0.586178867095673
"277",70,"The popular amusement park is visiting by millions of tourists eh year.","Attraction Violation",1,1,"The popular amusement park is","visiting",-9.28703880310059,0.281454808058687
"278",70,"The popular amusement park is visited daily.","Passive Control",1,1,"The popular amusement park is","visited",-8.37419700622559,0.536897502887287
"279",70,"The tourists had been visiting the amusement park in the morning.","Active Control",1,0,"The tourists had been","visiting",-5.30486392974854,1.39579629024115
"280",70,"The man's beard had been visiting a friend in the hospital.","No-Attraction Violation",0,1,"The man's beard had been","visiting",-12.8830471038818,-0.724824762094872
"281",71,"Ten new trees had been planting on dry land.","Attraction Violation",1,1,"Ten new trees had been","planting",-7.31795215606689,0.832469015768301
"282",71,"Ten new trees had been planted by the Forestry Service.","Passive Control",1,1,"Ten new trees had been","planted",-1.5513504743576,2.44615090305886
"283",71,"The forestry workers had been planting cedar saplings on the hillside.","Active Control",1,0,"The forestry workers had been","planting",-6.58573055267334,1.0373683315346
"284",71,"The sin had been planting doubt in her mind.","No-Attraction Violation",0,1,"The sin had been","planting",-10.4482135772705,-0.0434794954497363
"285",72,"Food for the homeless had been donating neighborhood residents.","Attraction Violation",1,1,"Food for the homeless had been","donating",-10.7429727911949,-0.125962668534241
"286",72,"Food for the homeless had been donated many times.","Passive Control",1,1,"Food for the homeless had been","donated",-6.84743070602417,0.964136154132292
"287",72,"The wealthy American philanthropist had been donating money to Romanian orphanages.","Active Control",1,0,"The wealthy American philanthropist had been","donating",-10.8051846325397,-0.143371556314989
"288",72,"The diagram on the chalkboard had been donating blood.","No-Attraction Violation",0,1,"The diagram on the chalkboard had been","donating",-12.835932135582,-0.711640468265993
"289",73,"The rare bird's behavior was observing by the biologists.","Attraction Violation",1,1,"The rare bird's behavior was","observing",-10.7483682632446,-0.127472496332408
"290",73,"The rare bird's behavior was observed by the biologists.","Passive Control",1,1,"The rare bird's behavior was","observed",-3.22663974761963,1.97735071441227
"291",73,"The excited bird watchers were observing the rare eagle.","Active Control",1,0,"The excited bird watchers were","observing",-8.0327320098877,0.632450466339215
"292",73,"Wilson's unreasonable proposal was observing the stars.","No-Attraction Violation",0,1,"Wilson's unreasonable proposal was","observing",-14.3897714614868,-1.14645502879399
"293",74,"Stormy weather had been forecasting by the weatherman.","Attraction Violation",1,1,"Stormy weather had been","forecasting",-6.35211181640625,1.10274241909152
"294",74,"Stormy weather had been forecasted by the weatherman.","Passive Control",1,1,"Stormy weather had been","forecasted",-5.97625744342804,1.20791864374002
"295",74,"The weather service had been forecasting snow for the mountain areas.","Active Control",1,0,"The weather service had been","forecasting",-8.78222024440765,0.422719388047755
"296",74,"Olson's bulging suitcase had been forecasting correctly.","No-Attraction Violation",0,1,"Olson's bulging suitcase had been","forecasting",-14.6764757633209,-1.22668417663776
"297",75,"The tragic mistake was regretting by Erika for many years.","Attraction Violation",1,1,"The tragic mistake was","regretting",-13.3066344261169,-0.843358211655775
"298",75,"The tragic mistake was regretted years later.","Passive Control",1,1,"The tragic mistake was","regretted",-12.4865660667419,-0.613876528871803
"299",75,"Erika was regretting the mistake.","Active Control",1,0,"Erika was","regretting",-14.7028160095215,-1.23405503048664
"300",75,"The library books had been regretting their behavior.","No-Attraction Violation",0,1,"The library books had been","regretting",-18.3810601234436,-2.26334684415495
"301",76,"The stolen artwork had been seizing without warning.","Attraction Violation",1,1,"The stolen artwork had been","seizing",-15.1809496879578,-1.36785231685783
"302",76,"The stolen artwork had been seized by the border police.","Passive Control",1,1,"The stolen artwork had been","seized",-7.160888671875,0.876420464747188
"303",76,"The police had been seizing shipments of drugs at the border.","Active Control",1,0,"The police had been","seizing",-11.675745844841,-0.386982774430516
"304",76,"The grimy pots and pans had been seizing without warning.","No-Attraction Violation",0,1,"The grimy pots and pans had been","seizing",-13.6983594894409,-0.952975569395017
"305",77,"The value of the jewels was estimating the dealer.","Attraction Violation",1,1,"The value of the jewels was","estimating",-12.2404975891113,-0.545018600528123
"306",77,"The value of the jewels was estimated by the dealer.","Passive Control",1,1,"The value of the jewels was","estimated",-5.02956008911133,1.47283521986705
"307",77,"The jewel expert was estimating the value of the diamond.","Active Control",1,0,"The jewel expert was","estimating",-11.0460033416748,-0.210760429433194
"308",77,"The useful new gadget had been estimating professionally.","No-Attraction Violation",0,1,"The useful new gadget had been","estimating",-11.9595594406128,-0.466403009109876
"309",78,"Larry's note had been scribbling his wife.","Attraction Violation",1,1,"Larry's note had been","scribbling",-11.9827785491943,-0.472900467582847
"310",78,"Larry's note had been scribbled with haste.","Passive Control",1,1,"Larry's note had been","scribbled",-9.3442288339138,0.265451185483264
"311",78,"Larry's wife had been scribbling a note to him about dinner plans.","Active Control",1,0,"Larry's wife had been","scribbling",-13.1502335071564,-0.799592169884104
"312",78,"The broken television had been scribbling his thoughts on a napkin.","No-Attraction Violation",0,1,"The broken television had been","scribbling",-15.8731770515442,-1.56155994921423
"313",79,"Carrie's morning meeting was canceling as expected.","Attraction Violation",1,1,"Carrie's morning meeting was","canceling",-13.7606319189072,-0.97040141169413
"314",79,"Carrie's morning meeting was canceled by the boss.","Passive Control",1,1,"Carrie's morning meeting was","canceled",-4.68098449707031,1.57037795825529
"315",79,"Carrie had been canceling all of her meetings.","Active Control",1,0,"Carrie had been","canceling",-11.2777417451143,-0.275608338975152
"316",79,"The bubblegum had been canceling as expected.","No-Attraction Violation",0,1,"The bubblegum had been","canceling",-11.504139482975,-0.338961757344261
"317",80,"The girl's disease was curing a simple treatment.","Attraction Violation",1,1,"The girl's disease was","curing",-12.3747396469116,-0.582583875388712
"318",80,"The girl's disease was cured by a simple treatment.","Passive Control",1,1,"The girl's disease was","cured",-5.69859218597412,1.28561837425972
"319",80,"The foreign doctors were curing hundreds of villagers of malaria.","Active Control",1,0,"The foreign doctors were","curing",-11.8667640686035,-0.440435859079258
"320",80,"Billy's unruly hair was curing his cold.","No-Attraction Violation",0,1,"Billy's unruly hair was","curing",-13.6516342163086,-0.939900324893305
"321",81,"Janet's houseplants were watering too much.","Attraction Violation",1,1,"Janet's houseplants were","watering",-11.9564032554626,-0.465519806299826
"322",81,"Janet's houseplants were watered by her neighbor.","Passive Control",1,1,"Janet's houseplants were","watered",-7.36301063373685,0.819860194611897
"323",81,"The gardener was watering the plants.","Active Control",1,0,"The gardener was","watering",-12.3866333961487,-0.5859121315741
"324",81,"The roast lamb had been watering too much.","No-Attraction Violation",0,1,"The roast lamb had been","watering",-10.8656163215637,-0.160282299830649
"325",82,"The useful new gadget had been inventing by a bored waiter.","Attraction Violation",1,1,"The useful new gadget had been","inventing",-10.5372673869133,-0.0683996351692182
"326",82,"The useful new gadget had been invented by a bored waiter.","Passive Control",1,1,"The useful new gadget had been","invented",-4.93565845489502,1.49911193788668
"327",82,"The resourceful engineers had been inventing tiny new devices.","Active Control",1,0,"The resourceful engineers had been","inventing",-9.72620858252048,0.158560882379184
"328",82,"The value of the jewels was inventing the digital computer.","No-Attraction Violation",0,1,"The value of the jewels was","inventing",-14.0085091590881,-1.03976549037158
"329",83,"The phone bill had been paying his roommate.","Attraction Violation",1,1,"The phone bill had been","paying",-10.3071031570435,-0.00399223036766868
"330",83,"The phone bill had been paid quickly.","Passive Control",1,1,"The phone bill had been","paid",-5.05417346954346,1.46594759898033
"331",83,"Juan and Perry had been paying too much for their apartment.","Active Control",1,0,"Juan and Perry had been","paying",-7.4340558052063,0.799979455017322
"332",83,"The dark, underwater cave was paying attention to the divers.","No-Attraction Violation",0,1,"The dark, underwater cave was","paying",-13.0627412796021,-0.775109011400846
"333",84,"The man's signature was forging the lawyers.","Attraction Violation",1,1,"The man's signature was","forging",-13.0822219848633,-0.780560343566097
"334",84,"The man's signature was forged by the lawyers.","Passive Control",1,1,"The man's signature was","forged",-6.44794940948486,1.0759239570911
"335",84,"The con artists were forging the signatures on checks.","Active Control",1,0,"The con artists were","forging",-13.788266658783,-0.978134506792235
"336",84,"Poisonous fumes had been forging very well.","No-Attraction Violation",0,1,"Poisonous fumes had been","forging",-13.6737570762634,-0.946091017501295
"337",85,"The bank had been robbing two masked men.","Attraction Violation",1,1,"The bank had been","robbing",-9.79494369029999,0.1393265734106
"338",85,"The bank had been robbed repeatedly.","Passive Control",1,1,"The bank had been","robbed",-5.682541847229,1.29010977879006
"339",85,"The clever burglars had been robbing houses in broad daylight.","Active Control",1,0,"The clever burglars had been","robbing",-9.33449006080627,0.268176409564181
"340",85,"The musical piece was robbing repeatedly.","No-Attraction Violation",0,1,"The musical piece was","robbing",-13.227516412735,-0.821218429475599
"341",86,"An urgent message had been sending by the ambassador to the President.","Attraction Violation",1,1,"An urgent message had been","sending",-8.79031753540039,0.420453503817785
"342",86,"An urgent message had been sent again.","Passive Control",1,1,"An urgent message had been","sent",-1.63467741012573,2.42283332809978
"343",86,"The Prime Minister had been sending urgent messages to her Ambassador.","Active Control",1,0,"The Prime Minister had been","sending",-7.59773063659668,0.754177937000612
"344",86,"The height of the bookcase was sending mixed signals to the carpenter.","No-Attraction Violation",0,1,"The height of the bookcase was","sending",-12.8324937820435,-0.710678305603571
"345",87,"The sleek new building was designing a team of German architects.","Attraction Violation",1,1,"The sleek new building was","designing",-10.6104679107666,-0.0888835121564079
"346",87,"The sleek new building was designed by a team of German architects.","Passive Control",1,1,"The sleek new building was","designed",-2.44787049293518,2.19527557033722
"347",87,"A team of architects had been designing the new building.","Active Control",1,0,"A team of architects had been","designing",-4.78401803970337,1.54154583654699
"348",87,"The leftover food was designing with flair.","No-Attraction Violation",0,1,"The leftover food was","designing",-15.3729953765869,-1.4215929194481
"349",88,"The final exams had been grading in school.","Attraction Violation",1,1,"The final exams had been","grading",-12.0331783294678,-0.487003958172223
"350",88,"The final exams had been graded in school.","Passive Control",1,1,"The final exams had been","graded",-9.61533164978027,0.189587838627734
"351",88,"The professor had been grading the final exams until 4 AM.","Active Control",1,0,"The professor had been","grading",-11.8928556442261,-0.447737126847854
"352",88,"The appetizers had been grading Iverson's students.","No-Attraction Violation",0,1,"The appetizers had been","grading",-15.332314491272,-1.41020909038984
"353",89,"The final destination had been reaching too late.","Attraction Violation",1,1,"The final destination had been","reaching",-10.5638074874878,-0.0758264147437067
"354",89,"The final destination had been reached too late.","Passive Control",1,1,"The final destination had been","reached",-4.99141979217529,1.48350811002639
"355",89,"The curious child had been reaching for the cup on the table.","Active Control",1,0,"The curious child had been","reaching",-9.53077030181885,0.213250842091809
"356",89,"Several spelling errors were reaching too late.","No-Attraction Violation",0,1,"Several spelling errors were","reaching",-12.9676027297974,-0.748486164345211
"357",90,"A faint light was perceiving by the rescue workers.","Attraction Violation",1,1,"A faint light was","perceiving",-11.6351282596588,-0.375616658799212
"358",90,"A faint light was perceived underwater.","Passive Control",1,1,"A faint light was","perceived",-7.05905628204346,0.904916465005344
"359",90,"The worried pilot was perceiving a rattling sound in the jet's engine.","Active Control",1,0,"The worried pilot was","perceiving",-11.7437572479248,-0.406014567389904
"360",90,"A tiny spy camera was perceiving underwater.","No-Attraction Violation",0,1,"A tiny spy camera was","perceiving",-15.0431632995605,-1.32929522352208
"361",91,"The bubblegum had been chewing by the boy.","Attraction Violation",1,1,"The bubblegum had been","chewing",-10.5998420715332,-0.085910058248089
"362",91,"The bubblegum had been chewed by the boy.","Passive Control",1,1,"The bubblegum had been","chewed",-9.56003141403198,0.205062635347778
"363",91,"The hungry dog had been chewing a bone.","Active Control",1,0,"The hungry dog had been","chewing",-7.92998313903809,0.661202927664136
"364",91,"Carrie's morning meeting was chewing for a long time.","No-Attraction Violation",0,1,"Carrie's morning meeting was","chewing",-15.6016387939453,-1.4855747516613
"365",92,"Martin's tonsils had been removing at the hospital.","Attraction Violation",1,1,"Martin's tonsils had been","removing",-10.3970584869385,-0.0291646446471674
"366",92,"Martin's tonsils had been removed at the hospital.","Passive Control",1,1,"Martin's tonsils had been","removed",-4.94185781478882,1.49737715623787
"367",92,"The surgeon had been removing the cancerous growth.","Active Control",1,0,"The surgeon had been","removing",-8.64089870452881,0.462265731244968
"368",92,"The homicide case had been removing at the hospital.","No-Attraction Violation",0,1,"The homicide case had been","removing",-12.9963397979736,-0.756527726597892
"369",93,"Mother Theresa's death was mourning millions of people.","Attraction Violation",1,1,"Mother Theresa's death was","mourning",-11.3445625305176,-0.294306958552393
"370",93,"Mother Theresa's death was mourned by millions of people.","Passive Control",1,1,"Mother Theresa's death was","mourned",-8.11247292160988,0.610136377032464
"371",93,"The black-clad women were mourning the death of their brother.","Active Control",1,0,"The black-clad women were","mourning",-9.84284591674805,0.125921979258501
"372",93,"Lisa's phone had been mourning the loss of a loved one.","No-Attraction Violation",0,1,"Lisa's phone had been","mourning",-13.1276350021362,-0.793268376384284
"373",94,"The bathroom floor had been mopping by a janitor.","Attraction Violation",1,1,"The bathroom floor had been","mopping",-13.3331859111786,-0.850788176978426
"374",94,"The bathroom floor had been mopped in the past.","Passive Control",1,1,"The bathroom floor had been","mopped",-10.9948070049286,-0.196434036548276
"375",94,"The school janitor had been mopping the bathroom.","Active Control",1,0,"The school janitor had been","mopping",-13.8540637493134,-0.996546663394292
"376",94,"An important lesson had been mopping in the past.","No-Attraction Violation",0,1,"An important lesson had been","mopping",-20.3751912117004,-2.82136929751942
"377",95,"The sin had been confessing by the repentant Catholic.","Attraction Violation",1,1,"The sin had been","confessing",-11.1009669229388,-0.226141019326838
"378",95,"The sin had been confessed on Sunday.","Passive Control",1,1,"The sin had been","confessed",-9.74870872497559,0.152264613910283
"379",95,"The repentant Catholic had been confessing his sins.","Active Control",1,0,"The repentant Catholic had been","confessing",-8.13492848351598,0.603852583644802
"380",95,"Ten new trees had been confessing on Sunday.","No-Attraction Violation",0,1,"Ten new trees had been","confessing",-14.6083455383778,-1.20761913347438
"381",96,"The strange mystery had been solving the detectives.","Attraction Violation",1,1,"The strange mystery had been","solving",-9.01887130737305,0.356496757286457
"382",96,"The strange mystery had been solved at the station.","Passive Control",1,1,"The strange mystery had been","solved",-3.36701560020447,1.9380690051436
"383",96,"The brilliant detective had been solving mysterious crimes for two decades.","Active Control",1,0,"The brilliant detective had been","solving",-9.87991237640381,0.115549583543672
"384",96,"Hathaway's gigantic fortune had been solving at the station.","No-Attraction Violation",0,1,"Hathaway's gigantic fortune had been","solving",-13.0542964935303,-0.772745886795015
