"","Tar","Item","Condition","Completion","Part","Cloze","Cloze_Balanced","Association_Noun","Association_Verb","Association_MainVerb","article","target","context"
"1","Axt",1,"A","und hackte die Holzscheite.",0,0.75,1,6.9,3.1,6,"die","Axt","Gestern schärfte der Holzfäller, bevor er das Holz stapelte, die"
"2","Axt",1,"B","und hackte die Holzscheite.",0,0.67,1,3.1,1.2,6,"die","Axt","Gestern schärfte der Holzfäller, bevor er den Film schaute, die"
"3","Axt",1,"C","und hackte die Holzscheite.",0,0,1,6.9,3.1,1.4,"die","Axt","Gestern aß der Holzfäller, bevor er das Holz stapelte, die"
"4","Axt",1,"D","und hackte die Holzscheite.",0,0,1,3.1,1.2,1.4,"die","Axt","Gestern aß der Holzfäller, bevor er den Film schaute, die"
"5","Messer",2,"A","und rasiert den Kunden.",0,0.67,1,5,5.1,6.4,"das","Messer","Nachdenklich schärft der Barbier, nachdem er den Rasierschaum aufgetragen hat, das"
"6","Messer",2,"B","und rasiert den Kunden.",0,0.75,1,1.2,1.4,6.4,"das","Messer","Nachdenklich schärft der Barbier, nachdem er die Topfpflanze gegossen hat, das"
"7","Messer",2,"C","und rasiert den Kunden.",0,0,1,5,5.1,1.4,"das","Messer","Nachdenklich trinkt der Barbier, nachdem er den Rasierschaum aufgetragen hat, das"
"8","Messer",2,"D","und rasiert den Kunden.",0,0,1,1.2,1.4,1.4,"das","Messer","Nachdenklich trinkt der Barbier, nachdem er die Topfpflanze gegossen hat, das"
"9","Kaffee",3,"A","und gießt die Milch dazu.",0,0.58,0,5.8,2.3,5.8,"den","Kaffee","Sogleich süßt der Kellner, nachdem er die Bestellung aufgenommen hat, den"
"10","Kaffee",3,"B","und gießt die Milch dazu.",0,0.25,0,3.5,3.5,5.8,"den","Kaffee","Sogleich süßt der Kellner, nachdem er das Radio angemacht hat, den"
"11","Kaffee",3,"C","und gießt die Milch dazu.",0,0,0,5.8,2.3,3,"den","Kaffee","Sogleich putzt der Kellner, nachdem er die Bestellung aufgenommen hat, den"
"12","Kaffee",3,"D","und gießt die Milch dazu.",0,0,0,3.5,3.5,3,"den","Kaffee","Sogleich putzt der Kellner, nachdem er das Radio angemacht hat, den"
"13","Ofen",4,"A","auf 180 Grad.",0,1,0,6,2.7,6.6,"den","Ofen","Vorsichtig erhitzt der Bäckerlehrling, nachdem er die Brötchen geformt hat, den"
"14","Ofen",4,"B","auf 180 Grad.",0,0.75,0,2.4,1.3,6.6,"den","Ofen","Vorsichtig erhitzt der Bäckerlehrling, nachdem er die Fenster gekippt hat, den"
"15","Ofen",4,"C","auf 180 Grad.",0,0,0,6,2.7,1.3,"den","Ofen","Vorsichtig schlürft der Bäckerlehrling, nachdem er die Brötchen geformt hat, den"
"16","Ofen",4,"D","auf 180 Grad.",0,0.08,0,2.4,1.3,1.3,"den","Ofen","Vorsichtig schlürft der Bäckerlehrling, nachdem er die Fenster gekippt hat, den"
"17","Weinflasche",5,"A","für die Weinprobe.",0,1,1,5.9,1.7,6.8,"die","Weinflasche","Zufrieden entkorkt der Winzer, der die Reben geschnitten hat, die"
"18","Weinflasche",5,"B","für die Weinprobe.",0,1,1,2,2.7,6.8,"die","Weinflasche","Zufrieden entkorkt der Winzer, der die Lohnabrechnungen beendet hat, die"
"19","Weinflasche",5,"C","für die Weinprobe.",0,0.08,1,5.9,1.7,1,"die","Weinflasche","Zufrieden glättet der Winzer, der die Reben geschnitten hat, die"
"20","Weinflasche",5,"D","für die Weinprobe.",0,0,1,2,2.7,1,"die","Weinflasche","Zufrieden glättet der Winzer, der die Lohnabrechnungen beendet hat, die"
"21","Ticket",6,"A","für die Fahrt.",0,0.33,1,6.7,2.3,6.3,"das","Ticket","Umgehend löst der Fahrgast, der den Automaten bedient, das"
"22","Ticket",6,"B","für die Fahrt.",0,0.33,1,1.3,1.3,6.3,"das","Ticket","Umgehend löst der Fahrgast, der die Einkaufstasche abstellt, das"
"23","Ticket",6,"C","für die Fahrt.",0,0,1,6.7,2.3,1.2,"das","Ticket","Umgehend knotet der Fahrgast, der den Automaten bedient, das"
"24","Ticket",6,"D","für die Fahrt.",0,0,1,1.3,1.3,1.2,"das","Ticket","Umgehend knotet der Fahrgast, der die Einkaufstasche abstellt, das"
"25","Sieg",7,"A","mit einer Party.",0,0.5,0,6.8,4.4,6.2,"den","Sieg","Am Abend feiert der Gewinner, der den Pokal erhält, den"
"26","Sieg",7,"B","mit einer Party.",0,0.75,0,1.8,2,6.2,"den","Sieg","Am Abend feiert der Gewinner, der das Eis isst, den"
"27","Sieg",7,"C","mit einer Party.",0,0,0,6.8,4.4,1.8,"den","Sieg","Am Abend knabbert der Gewinner, der den Pokal erhält, den"
"28","Sieg",7,"D","mit einer Party.",0,0,0,1.8,2,1.8,"den","Sieg","Am Abend knabbert der Gewinner, der das Eis isst, den"
"29","Fisch",8,"A","für das Abendessen.",1,0.83,1,7,4.9,6.9,"den","Fisch","Endlich fängt der Angler, der den Köder auswarf, den"
"30","Fisch",8,"B","für das Abendessen.",1,0.83,1,2,1.2,6.9,"den","Fisch","Endlich fängt der Angler, der die Zeitung las, den"
"31","Fisch",8,"C","für das Abendessen.",1,0,1,7,4.9,1.3,"den","Fisch","Endlich baut der Angler, der den Köder auswarf, den"
"32","Fisch",8,"D","für das Abendessen.",1,0,1,2,1.2,1.3,"den","Fisch","Endlich baut der Angler, der die Zeitung las, den"
"33","Unkraut",9,"A","und leerte den Kompost.",0,0.83,0,6.7,3.3,6.9,"das","Unkraut","Am Nachmittag jätete der Schrebergärtner, der das Beet pflegte, das"
"34","Unkraut",9,"B","und leerte den Kompost.",0,0.67,0,3.3,1.4,6.9,"das","Unkraut","Am Nachmittag jätete der Schrebergärtner, der die Sonne genoss, das"
"35","Unkraut",9,"C","und leerte den Kompost.",0,0,0,6.7,3.3,1.2,"das","Unkraut","Am Nachmittag polierte der Schrebergärtner, der das Beet pflegte, das"
"36","Unkraut",9,"D","und leerte den Kompost.",0,0,0,3.3,1.4,1.2,"das","Unkraut","Am Nachmittag polierte der Schrebergärtner, der die Sonne genoss, das"
"37","Klassenzimmer",10,"A","und nimmt ein Stück Kreide.",1,0.75,1,6.8,3.7,5.5,"das","Klassenzimmer","Eine Weile lüftet der Lehrer, bevor er die Tafel beschreibt, das"
"38","Klassenzimmer",10,"B","und nimmt ein Stück Kreide.",1,0.75,1,1.9,2.6,5.5,"das","Klassenzimmer","Eine Weile lüftet der Lehrer, bevor er den Mantel aufhängt, das"
"39","Klassenzimmer",10,"C","und nimmt ein Stück Kreide.",1,0,1,6.8,3.7,4.7,"das","Klassenzimmer","Eine Weile bastelt der Lehrer, bevor er die Tafel beschreibt, das"
"40","Klassenzimmer",10,"D","und nimmt ein Stück Kreide.",1,0,1,1.9,2.6,4.7,"das","Klassenzimmer","Eine Weile bastelt der Lehrer, bevor er den Mantel aufhängt, das"
"41","Käse",11,"A","und gibt Öl in die Pfanne.",0,0.5,1,5.2,4.6,6.4,"den","Käse","Schnell reibt der Chefkoch, während er die Nudeln kocht, den"
"42","Käse",11,"B","und gibt Öl in die Pfanne.",0,0.58,1,1.7,1.2,6.4,"den","Käse","Schnell reibt der Chefkoch, während er die Nachrichten hört, den"
"43","Käse",11,"C","und gibt Öl in die Pfanne.",0,0,1,5.2,4.6,1.1,"den","Käse","Schnell flickt der Chefkoch, während er die Nudeln kocht, den"
"44","Käse",11,"D","und gibt Öl in die Pfanne.",0,0,1,1.7,1.2,1.1,"den","Käse","Schnell flickt der Chefkoch, während er die Nachrichten hört, den"
"45","Bier",12,"A","das zuvor gebraut wurde.",0,0.67,1,3.9,1.2,5,"das","Bier","Vorgestern probierte der Braumeister, nachdem er den Kessel ausgeschaltet hatte, das"
"46","Bier",12,"B","das zuvor gebraut wurde.",0,0.58,1,1.8,2.3,5,"das","Bier","Vorgestern probierte der Braumeister, nachdem er den Boden gewischt hatte, das"
"47","Bier",12,"C","das zuvor gebraut wurde.",0,0,1,3.9,1.2,1.1,"das","Bier","Vorgestern bemalte der Braumeister, nachdem er den Kessel ausgeschaltet hatte, das"
"48","Bier",12,"D","das zuvor gebraut wurde.",0,0,1,1.8,2.3,1.1,"das","Bier","Vorgestern bemalte der Braumeister, nachdem er den Boden gewischt hatte, das"
"49","Rasen",13,"A","hinter der Villa.",0,0.92,1,7,5.6,6.8,"den","Rasen","Eine Zeit lang mähte der Gartenhelfer, nachdem er den Garten umgegraben hatte, den"
"50","Rasen",13,"B","hinter der Villa.",0,0.92,1,2.2,1.9,6.8,"den","Rasen","Eine Zeit lang mähte der Gartenhelfer, nachdem er die Garage aufgeräumt hatte, den"
"51","Rasen",13,"C","hinter der Villa.",0,0,1,7,5.6,1.4,"den","Rasen","Eine Zeit lang räucherte der Gartenhelfer, nachdem er den Garten umgegraben hatte, den"
"52","Rasen",13,"D","hinter der Villa.",0,0,1,2.2,1.9,1.4,"den","Rasen","Eine Zeit lang räucherte der Gartenhelfer, nachdem er die Garage aufgeräumt hatte, den"
"53","Straße",14,"A","und den Bürgersteig.",1,0.42,1,6.5,5.1,6.8,"die","Straße","Achtsam pflasterte der Bauarbeiter, der die Absperrungen umging, die"
"54","Straße",14,"B","und den Bürgersteig.",1,0.42,1,5.7,2,6.8,"die","Straße","Achtsam pflasterte der Bauarbeiter, der die Steine schleppte, die"
"55","Straße",14,"C","und den Bürgersteig.",1,0.08,1,6.5,5.1,2,"die","Straße","Achtsam salzte der Bauarbeiter, der die Absperrungen umging, die"
"56","Straße",14,"D","und den Bürgersteig.",1,0,1,5.7,2,2,"die","Straße","Achtsam salzte der Bauarbeiter, der die Steine schleppte, die"
"57","Glocken",15,"A","und freute sich.",0,1,1,6.7,1.1,7,"die","Glocken","Gestern läutete der Priester, nachdem er den Kirchturm erklommen hatte, die"
"58","Glocken",15,"B","und freute sich.",0,0.92,1,2.2,1.1,7,"die","Glocken","Gestern läutete der Priester, nachdem er die Armbanduhr ausgezogen hatte, die"
"59","Glocken",15,"C","und freute sich.",0,0,1,6.7,1.1,1,"die","Glocken","Gestern faltete der Priester, nachdem er den Kirchturm erklommen hatte, die"
"60","Glocken",15,"D","und freute sich.",0,0,1,2.2,1.1,1,"die","Glocken","Gestern faltete der Priester, nachdem er die Armbanduhr ausgezogen hatte, die"
"61","Wunde",16,"A","mit fünf Stichen.",0,0.92,1,6.7,3.3,5.8,"die","Wunde","Rasch näht der Notarzt, der den Verletzten betreut, die"
"62","Wunde",16,"B","mit fünf Stichen.",0,0.92,1,3.2,1.8,5.8,"die","Wunde","Rasch näht der Notarzt, der den Ohrring trägt, die"
"63","Wunde",16,"C","mit fünf Stichen.",0,0,1,6.7,3.3,2,"die","Wunde","Rasch versteckt der Notarzt, der den Verletzten betreut, die"
"64","Wunde",16,"D","mit fünf Stichen.",0,0,1,3.2,1.8,2,"die","Wunde","Rasch versteckt der Notarzt, der den Ohrring trägt, die"
"65","Hemd",17,"A","und die Hose.",0,0.75,1,6.4,1.5,6.9,"das","Hemd","Eilig bügelt der Geschäftsmann, nachdem er das Bügelbrett aufgestellt hat, das"
"66","Hemd",17,"B","und die Hose.",0,0.67,1,1.4,1.2,6.9,"das","Hemd","Eilig bügelt der Geschäftsmann, nachdem er den Eistee ausgetrunken hat, das"
"67","Hemd",17,"C","und die Hose.",0,0,1,6.4,1.5,1,"das","Hemd","Eilig salzt der Geschäftsmann, nachdem er das Bügelbrett aufgestellt hat, das"
"68","Hemd",17,"D","und die Hose.",0,0,1,1.4,1.2,1,"das","Hemd","Eilig salzt der Geschäftsmann, nachdem er den Eistee ausgetrunken hat, das"
"69","Auto",18,"A","und übergibt es an den Kunden.",1,0.58,0,7,3.5,6.3,"das","Auto","Schnell repariert der KFZ-Mechatroniker, der den Motor ausgetauscht hat, das"
"70","Auto",18,"B","und übergibt es an den Kunden.",1,0.75,0,5,3.1,6.3,"das","Auto","Schnell repariert der KFZ-Mechatroniker, der den Urlaub gebucht hat, das"
"71","Auto",18,"C","und übergibt es an den Kunden.",1,0,0,7,3.5,1.1,"das","Auto","Schnell brät der KFZ-Mechatroniker, der den Motor ausgetauscht hat, das"
"72","Auto",18,"D","und übergibt es an den Kunden.",1,0,0,5,3.1,1.1,"das","Auto","Schnell brät der KFZ-Mechatroniker, der den Urlaub gebucht hat, das"
"73","Teig",19,"A","für das Brot.",2,1,1,6.9,6.9,6.6,"den","Teig","Am Morgen knetet die Bäckerin, die den Kuchen backt, den"
"74","Teig",19,"B","für das Brot.",2,1,1,1.5,1,6.6,"den","Teig","Am Morgen knetet die Bäckerin, die den Stammgast begrüßt, den"
"75","Teig",19,"C","für das Brot.",2,0,1,6.9,6.9,1.2,"den","Teig","Am Morgen hört die Bäckerin, die den Kuchen backt, den"
"76","Teig",19,"D","für das Brot.",2,0,1,1.5,1,1.2,"den","Teig","Am Morgen hört die Bäckerin, die den Stammgast begrüßt, den"
"77","Steak",20,"A","und die Beilagen.",0,0.67,0,4.7,2.4,6.5,"das","Steak","Am Nachmittag pfeffert der Grillmeister, bevor er die Kohle anzündet, das"
"78","Steak",20,"B","und die Beilagen.",0,0.83,0,1.4,1.1,6.5,"das","Steak","Am Nachmittag pfeffert der Grillmeister, bevor er die Mücke verscheucht, das"
"79","Steak",20,"C","und die Beilagen.",0,0,0,4.7,2.4,1.4,"das","Steak","Am Nachmittag druckt der Grillmeister, bevor er die Kohle anzündet, das"
"80","Steak",20,"D","und die Beilagen.",0,0,0,1.4,1.1,1.4,"das","Steak","Am Nachmittag druckt der Grillmeister, bevor er die Mücke verscheucht, das"
"81","Feuer",21,"A","und rennt weg.",0,0.58,0,6.6,1.5,6.8,"das","Feuer","Schnell entfacht der Brandstifter, der das Streichholz fallengelassen hat, das"
"82","Feuer",21,"B","und rennt weg.",0,1,0,3.3,3,6.8,"das","Feuer","Schnell entfacht der Brandstifter, der die Treppe hochgeklettert ist, das"
"83","Feuer",21,"C","und rennt weg.",0,0,0,6.6,1.5,1.6,"das","Feuer","Schnell entstaubt der Brandstifter, der das Streichholz fallengelassen hat, das"
"84","Feuer",21,"D","und rennt weg.",0,0,0,3.3,3,1.6,"das","Feuer","Schnell entstaubt der Brandstifter, der die Treppe hochgeklettert ist, das"
"85","Haare",22,"A","und holt den Föhn.",0,0.92,1,6.5,3.9,6.8,"die","Haare","Nun kämmt der Friseur, nachdem er die Kopfhaut massiert hat, die"
"86","Haare",22,"B","und holt den Föhn.",0,1,1,1,1,6.8,"die","Haare","Nun kämmt der Friseur, nachdem er den Cappuccino ausgetrunken hat, die"
"87","Haare",22,"C","und holt den Föhn.",0,0.17,1,6.5,3.9,1.2,"die","Haare","Nun speichert der Friseur, nachdem er die Kopfhaut massiert hat, die"
"88","Haare",22,"D","und holt den Föhn.",0,0,1,1,1,1.2,"die","Haare","Nun speichert der Friseur, nachdem er den Cappuccino ausgetrunken hat, die"
"89","Bleistift",23,"A","und machte sich wieder an die Arbeit.",0,1,1,6,3.3,6.7,"den","Bleistift","Flink spitzte der Zeichner, der die Karikatur entwarf, den"
"90","Bleistift",23,"B","und machte sich wieder an die Arbeit.",0,1,1,2.3,1.6,6.7,"den","Bleistift","Flink spitzte der Zeichner, der den Atlas öffnete, den"
"91","Bleistift",23,"C","und machte sich wieder an die Arbeit.",0,0,1,6,3.3,1.3,"den","Bleistift","Flink knotete der Zeichner, der die Karikatur entwarf, den"
"92","Bleistift",23,"D","und machte sich wieder an die Arbeit.",0,0,1,2.3,1.6,1.3,"den","Bleistift","Flink knotete der Zeichner, der den Atlas öffnete, den"
"93","Patienten",24,"A","gegen Tetanus.",0,0.25,0,6.7,2,6.5,"den","Patienten","Heute impft der Arzt, nachdem er die Spritze befüllt hat, den"
"94","Patienten",24,"B","gegen Tetanus.",0,0.42,0,2.1,1.3,6.5,"den","Patienten","Heute impft der Arzt, nachdem er die Schublade geschlossen hat, den"
"95","Patienten",24,"C","gegen Tetanus.",0,0,0,6.7,2,1.5,"den","Patienten","Heute feuert der Arzt, nachdem er die Spritze befüllt hat, den"
"96","Patienten",24,"D","gegen Tetanus.",0,0,0,2.1,1.3,1.5,"den","Patienten","Heute feuert der Arzt, nachdem er die Schublade geschlossen hat, den"
"97","Leiche",25,"A","in der Leichenhalle.",0,0.75,1,6.6,1.5,7,"die","Leiche","Unverzüglich obduziert der Pathologe, nachdem er die Mordakte gelesen hat, die"
"98","Leiche",25,"B","in der Leichenhalle.",0,0.75,1,2.6,1.2,7,"die","Leiche","Unverzüglich obduziert der Pathologe, nachdem er das Dokument unterschrieben hat, die"
"99","Leiche",25,"C","in der Leichenhalle.",0,0,1,6.6,1.5,1.2,"die","Leiche","Unverzüglich pfeffert der Pathologe, nachdem er die Mordakte gelesen hat, die"
"100","Leiche",25,"D","in der Leichenhalle.",0,0,1,2.6,1.2,1.2,"die","Leiche","Unverzüglich pfeffert der Pathologe, nachdem er das Dokument unterschrieben hat, die"
"101","Buch",26,"A","für den Fan.",1,1,1,6.7,3.3,6.7,"das","Buch","Am Nachmittag signiert der Autor, der die Geschichte erfunden hat, das"
"102","Buch",26,"B","für den Fan.",1,0.92,1,1.8,1.5,6.7,"das","Buch","Am Nachmittag signiert der Autor, der den Vorhang zugezogen hat, das"
"103","Buch",26,"C","für den Fan.",1,0,1,6.7,3.3,1.3,"das","Buch","Am Nachmittag schluckt der Autor, der die Geschichte erfunden hat, das"
"104","Buch",26,"D","für den Fan.",1,0,1,1.8,1.5,1.3,"das","Buch","Am Nachmittag schluckt der Autor, der den Vorhang zugezogen hat, das"
"105","Gäste",27,"A","und überreichte ihnen die Schlüssel.",2,1,1,4.7,1.4,6.5,"die","Gäste","Sofort begrüßte der Hotelier, der die Koffer stapelte, die"
"106","Gäste",27,"B","und überreichte ihnen die Schlüssel.",2,0.92,1,1.4,1.6,6.5,"die","Gäste","Sofort begrüßte der Hotelier, der die Fische räucherte, die"
"107","Gäste",27,"C","und überreichte ihnen die Schlüssel.",2,0,1,4.7,1.4,1.9,"die","Gäste","Sofort feuerte der Hotelier, der die Koffer stapelte, die"
"108","Gäste",27,"D","und überreichte ihnen die Schlüssel.",2,0,1,1.4,1.6,1.9,"die","Gäste","Sofort feuerte der Hotelier, der die Fische räucherte, die"
"109","Baum",28,"A","neben der Schule.",0,0.92,1,5.9,1.3,7,"den","Baum","Vorsichtig fällt der Holzarbeiter, der die Säge gestartet hat, den"
"110","Baum",28,"B","neben der Schule.",0,0.83,1,2.8,1.9,7,"den","Baum","Vorsichtig fällt der Holzarbeiter, der den Transporter geparkt hat, den"
"111","Baum",28,"C","neben der Schule.",0,0,1,5.9,1.3,1.3,"den","Baum","Vorsichtig durchwühlt der Holzarbeiter, der die Säge gestartet hat, den"
"112","Baum",28,"D","neben der Schule.",0,0,1,2.8,1.9,1.3,"den","Baum","Vorsichtig durchwühlt der Holzarbeiter, der den Transporter geparkt hat, den"
"113","Zigarre",29,"A","und schlenderte über den Marktplatz.",2,1,1,6.2,3.2,6.9,"die","Zigarre","Langsam paffte der Kubaner, der den Rauchring blies, die"
"114","Zigarre",29,"B","und schlenderte über den Marktplatz.",2,1,1,2,1.3,6.9,"die","Zigarre","Langsam paffte der Kubaner, der die Straßenbahn verpasste, die"
"115","Zigarre",29,"C","und schlenderte über den Marktplatz.",2,0.08,1,6.2,3.2,1.5,"die","Zigarre","Langsam öffnete der Kubaner, der den Rauchring blies, die"
"116","Zigarre",29,"D","und schlenderte über den Marktplatz.",2,0.08,1,2,1.3,1.5,"die","Zigarre","Langsam öffnete der Kubaner, der die Straßenbahn verpasste, die"
"117","Schnitzel",30,"A","für das Gericht.",0,0.58,0,6,1.2,6.5,"das","Schnitzel","Fröhlich paniert der Koch, nachdem er die Bratkartoffeln geschält hat, das"
"118","Schnitzel",30,"B","für das Gericht.",0,0.83,0,1.3,1.5,6.5,"das","Schnitzel","Fröhlich paniert der Koch, nachdem er die Ärmel hochgekrempelt hat, das"
"119","Schnitzel",30,"C","für das Gericht.",0,0,0,6,1.2,1,"das","Schnitzel","Fröhlich baut der Koch, nachdem er die Bratkartoffeln geschält hat, das"
"120","Schnitzel",30,"D","für das Gericht.",0,0,0,1.3,1.5,1,"das","Schnitzel","Fröhlich baut der Koch, nachdem er die Ärmel hochgekrempelt hat, das"
"121","Kuchen",31,"A","für die Geburtstagsfeier.",1,0.92,0,6.9,5.3,5.9,"den","Kuchen","Umsichtig glasiert der Konditor, der die Backform eingefettet hat, den"
"122","Kuchen",31,"B","für die Geburtstagsfeier.",1,0.42,0,5.4,1.6,5.9,"den","Kuchen","Umsichtig glasiert der Konditor, der den Tisch abgewischt hat, den"
"123","Kuchen",31,"C","für die Geburtstagsfeier.",1,0,0,6.9,5.3,1.2,"den","Kuchen","Umsichtig durchsucht der Konditor, der die Backform eingefettet hat, den"
"124","Kuchen",31,"D","für die Geburtstagsfeier.",1,0,0,5.4,1.6,1.2,"den","Kuchen","Umsichtig durchsucht der Konditor, der den Tisch abgewischt hat, den"
"125","Kette",32,"A","und die Bremsen.",0,0.83,0,4.9,2,6.8,"die","Kette","Gestern ölte der Fahrradfahrer, bevor er die Bremse einstellte, die"
"126","Kette",32,"B","und die Bremsen.",0,0.58,0,1.2,1.1,6.8,"die","Kette","Gestern ölte der Fahrradfahrer, bevor er die Limonade trank, die"
"127","Kette",32,"C","und die Bremsen.",0,0,0,4.9,2,1.4,"die","Kette","Gestern beheizte der Fahrradfahrer, bevor er die Bremse einstellte, die"
"128","Kette",32,"D","und die Bremsen.",0,0,0,1.2,1.1,1.4,"die","Kette","Gestern beheizte der Fahrradfahrer, bevor die Limonade trank, die"
"129","Brief",33,"A","an die Agentur.",0,0.92,1,6.8,1.3,6.6,"den","Brief","Hastig frankiert der Postbeamte, der das Postamt aufgeschlossen hat, den"
"130","Brief",33,"B","an die Agentur.",0,1,1,1.5,3.7,6.6,"den","Brief","Hastig frankiert der Postbeamte, der das Mittagessen bestellt hat, den"
"131","Brief",33,"C","an die Agentur.",0,0,1,6.8,1.3,2.2,"den","Brief","Hastig umgeht der Postbeamte, der das Postamt aufgeschlossen hat, den"
"132","Brief",33,"D","an die Agentur.",0,0,1,1.5,3.7,2.2,"den","Brief","Hastig umgeht der Postbeamte, der das Mittagessen bestellt hat, den"
"133","Berg",34,"A","und stellt sein Zelt auf.",1,0.75,0,6.4,3.2,6.8,"den","Berg","Fröhlich erklimmt der Wanderer, nachdem er das Tal durchquert hat, den"
"134","Berg",34,"B","und stellt sein Zelt auf.",1,0.92,0,1.4,1.5,6.8,"den","Berg","Fröhlich erklimmt der Wanderer, nachdem er die Stoppuhr gestartet hat, den"
"135","Berg",34,"C","und stellt sein Zelt auf.",1,0,0,6.4,3.2,1.5,"den","Berg","Fröhlich kauft der Wanderer, nachdem er das Tal durchquert hat, den"
"136","Berg",34,"D","und stellt sein Zelt auf.",1,0,0,1.4,1.5,1.5,"den","Berg","Fröhlich kauft der Wanderer, nachdem er die Stoppuhr gestartet hat, den"
"137","Befehl",35,"A","zum Abmarsch.",0,0.92,0,6,7,6.6,"den","Befehl","Bedächtig erteilt der General, der die Rekruten kommandiert, den"
"138","Befehl",35,"B","zum Abmarsch.",0,0.75,0,1.7,2.4,6.6,"den","Befehl","Bedächtig erteilt der General, der die Getränke einschenkt, den"
"139","Befehl",35,"C","zum Abmarsch.",0,0,0,6,7,1.4,"den","Befehl","Bedächtig biegt der General, der die Rekruten kommandiert, den"
"140","Befehl",35,"D","zum Abmarsch.",0,0,0,1.7,2.4,1.4,"den","Befehl","Bedächtig biegt der General, der die Getränke einschenkt, den"
"141","Wand",36,"A","des Büros.",0,0.5,0,7,5.5,6.4,"die","Wand","Sofort streicht der Maler, nachdem er die Tapete angebracht hat, die"
"142","Wand",36,"B","des Büros.",0,0.67,0,1.5,1.3,6.4,"die","Wand","Sofort streicht der Maler, nachdem er den Hund gefüttert hat, die"
"143","Wand",36,"C","des Büros.",0,0.08,0,7,5.5,1.1,"die","Wand","Sofort lenkt der Maler, nachdem er die Tapete angebracht hat, die"
"144","Wand",36,"D","des Büros.",0,0,0,1.5,1.3,1.1,"die","Wand","Sofort lenkt der Maler, nachdem er den Hund gefüttert hat, die"
"145","Hammer",37,"A","auf das Metall.",0,1,0,6.5,1.9,5.6,"den","Hammer","Direkt schwingt der Schmied, der den Amboss aufgestellt hat, den"
"146","Hammer",37,"B","auf das Metall.",0,0.83,0,2.9,3.8,5.6,"den","Hammer","Direkt schwingt der Schmied, der den Stuhl weggestellt hat, den"
"147","Hammer",37,"C","auf das Metall.",0,0,0,6.5,1.9,1.2,"den","Hammer","Direkt speichert der Schmied, der den Amboss aufgestellt hat, den"
"148","Hammer",37,"D","auf das Metall.",0,0,0,2.9,3.8,1.2,"den","Hammer","Direkt speichert der Schmied, der den Stuhl weggestellt hat, den"
"149","Land",38,"A","im Norden.",1,0.33,0,6.6,2.5,7,"das","Land","Vor langer Zeit regierte der König, der die Reise unternahm, das"
"150","Land",38,"B","im Norden.",1,0.5,0,2.4,2.5,7,"das","Land","Vor langer Zeit regierte der König, der den Gesang vernahm, das"
"151","Land",38,"C","im Norden.",1,0,0,6.6,2.5,1.2,"das","Land","Vor langer Zeit briet der König, der die Reise unternahm, das"
"152","Land",38,"D","im Norden.",1,0,0,2.4,2.5,1.2,"das","Land","Vor langer Zeit briet der König, der den Gesang vernahm, das"
"153","Stab",39,"A","und gab den Takt an.",0,0.42,1,1.9,1.6,3,"den","Stab","Zügig hob der Dirigent, der das Tempo wechselte, den"
"154","Stab",39,"B","und gab den Takt an.",0,0.5,1,1,1.6,3,"den","Stab","Zügig hob der Dirigent, der das Gähnen unterdrückte, den"
"155","Stab",39,"C","und gab den Takt an.",0,0,1,1.9,1.6,1.3,"den","Stab","Zügig verdrückte der Dirigent, der das Tempo wechselte, den"
"156","Stab",39,"D","und gab den Takt an.",0,0,1,1,1.6,1.3,"den","Stab","Zügig verdrückte der Dirigent, der das Gähnen unterdrückte, den"
"157","Bart",40,"A","des Mannes.",2,0.58,0,5.4,1.3,6.8,"den","Bart","Direkt trimmt der Herrenfriseur, nachdem er die Klinge ausgepackt hat, den"
"158","Bart",40,"B","des Mannes.",2,0.25,0,1.2,1,6.8,"den","Bart","Direkt trimmt der Herrenfriseur, nachdem er das Wasserglas abgestellt hat, den"
"159","Bart",40,"C","des Mannes.",2,0,0,5.4,1.3,1.7,"den","Bart","Direkt hört der Herrenfriseur, nachdem er die Klinge ausgepackt hat, den"
"160","Bart",40,"D","des Mannes.",2,0,0,1.2,1,1.7,"den","Bart","Direkt hört der Herrenfriseur, nachdem er das Wasserglas abgestellt hat, den"
"161","Geschirr",41,"A","und die Brettchen.",0,0.5,1,6.7,4.7,6.9,"das","Geschirr","Gestern spülte der Tellerwäscher, bevor er den Tisch wischte, das"
"162","Geschirr",41,"B","und die Brettchen.",0,0.42,1,1.2,1.2,6.9,"das","Geschirr","Gestern spülte der Tellerwäscher, bevor er das Taxi rief, das"
"163","Geschirr",41,"C","und die Brettchen.",0,0,1,6.7,4.7,1.1,"das","Geschirr","Gestern glättete der Tellerwäscher, bevor er den Tisch wischte, das"
"164","Geschirr",41,"D","und die Brettchen.",0,0,1,1.2,1.2,1.1,"das","Geschirr","Gestern glättete der Tellerwäscher, bevor er das Taxi rief, das"
"165","Schloss",42,"A","und stiehlt die Wertsachen.",0,0.25,0,7,1.8,6.4,"das","Schloss","Im Handumdrehen knackt der Einbrecher, der den Zahlencode erraten hat, das"
"166","Schloss",42,"B","und stiehlt die Wertsachen.",0,0.5,0,2.6,1.5,6.4,"das","Schloss","Im Handumdrehen knackt der Einbrecher, der die Akte durchblättert hat, das"
"167","Schloss",42,"C","und stiehlt die Wertsachen.",0,0,0,7,1.8,1.6,"das","Schloss","Im Handumdrehen kopiert der Einbrecher, der den Zahlencode erraten hat, das"
"168","Schloss",42,"D","und stiehlt die Wertsachen.",0,0,0,2.6,1.5,1.6,"das","Schloss","Im Handumdrehen kopiert der Einbrecher, der die Akte durchblättert hat, das"
"169","Zwiebeln",43,"A","und den Knoblauch.",0,0.25,1,5.7,2.3,6.2,"die","Zwiebeln","Routiniert hackte der Küchengehilfe, bevor er die Suppe umrührte, die"
"170","Zwiebeln",43,"B","und den Knoblauch.",0,0.33,1,1.3,1.1,6.2,"die","Zwiebeln","Routiniert hackte der Küchengehilfe, bevor er das Radio einschaltete, die"
"171","Zwiebeln",43,"C","und den Knoblauch.",0,0,1,5.7,2.3,1.3,"die","Zwiebeln","Routiniert schraubte der Küchengehilfe, bevor er die Suppe umrührte, die"
"172","Zwiebeln",43,"D","und den Knoblauch.",0,0,1,1.3,1.1,1.3,"die","Zwiebeln","Routiniert schraubte der Küchengehilfe, bevor er das Radio einschaltete, die"
"173","Wachs",44,"A","und fuhr mit der Arbeit fort.",0,0.83,1,6.7,2.3,6.3,"das","Wachs","Umsichtig schmolz der Kerzenzieher, nachdem er den Docht gekürzt hatte, das"
"174","Wachs",44,"B","und fuhr mit der Arbeit fort.",0,0.83,1,1.5,1.4,6.3,"das","Wachs","Umsichtig schmolz der Kerzenzieher, nachdem er das Nähkästchen zugeklappt hatte, das"
"175","Wachs",44,"C","und fuhr mit der Arbeit fort.",0,0,1,6.7,2.3,1,"das","Wachs","Umsichtig würzte der Kerzenzieher, nachdem er den Docht gekürzt hatte, das"
"176","Wachs",44,"D","und fuhr mit der Arbeit fort.",0,0,1,1.5,1.4,1,"das","Wachs","Umsichtig würzte der Kerzenzieher, nachdem er das Nähkästchen zugeklappt hatte, das"
"177","Cocktail",45,"A","für den Touristen.",0,0.5,0,6.2,1.4,6.9,"den","Cocktail","Gestern mixte der Barkeeper, der den Wodka geöffnet hatte, den"
"178","Cocktail",45,"B","für den Touristen.",0,0.83,0,1.3,1,6.9,"den","Cocktail","Gestern mixte der Barkeeper, der den Boden gefegt hatte, den"
"179","Cocktail",45,"C","für den Touristen.",0,0,0,6.2,1.4,1.6,"den","Cocktail","Gestern gründete der Barkeeper, der den Wodka geöffnet hatte, den"
"180","Cocktail",45,"D","für den Touristen.",0,0.08,0,1.3,1,1.6,"den","Cocktail","Gestern gründete der Barkeeper, der den Boden gefegt hatte, den"
"181","Orchester",46,"A","und das Streichquartett.",0,0.25,1,6.8,3.6,6.8,"das","Orchester","Am Abend dirigiert der Kapellmeister, der das Konzert eröffnet hat, das"
"182","Orchester",46,"B","und das Streichquartett.",0,0.25,1,1.6,1.4,6.8,"das","Orchester","Am Abend dirigiert der Kapellmeister, der die Unterschriften gesammelt hat, das"
"183","Orchester",46,"C","und das Streichquartett.",0,0,1,6.8,3.6,1.3,"das","Orchester","Am Abend vernichtet der Kapellmeister, der das Konzert eröffnet hat, das"
"184","Orchester",46,"D","und das Streichquartett.",0,0,1,1.6,1.4,1.3,"das","Orchester","Am Abend vernichtet der Kapellmeister, der die Unterschriften gesammelt hat, das"
"185","Wort",47,"A","und notiert es.",3,0.83,0,6.3,3.6,6.8,"das","Wort","Direkt buchstabiert der Sprachschüler, nachdem er das Buch aufgeschlagen hat, das"
"186","Wort",47,"B","und notiert es.",3,0.67,0,3,2.7,6.8,"das","Wort","Direkt buchstabiert der Sprachschüler, nachdem er den Pausenhof verlassen hat, das"
"187","Wort",47,"C","und notiert es.",3,0,0,6.3,3.6,1.7,"das","Wort","Direkt dekoriert der Sprachschüler, nachdem er das Buch aufgeschlagen hat, das"
"188","Wort",47,"D","und notiert es.",3,0,0,3,2.7,1.7,"das","Wort","Direkt dekoriert der Sprachschüler, nachdem er den Pausenhof verlassen hat, das"
"189","Weide",48,"A","mit einem Draht.",0,0.67,0,6.7,5.4,6,"die","Weide","Vorsichtig umzäunt der Schäfer, der die Schafe gehütet hat, die"
"190","Weide",48,"B","mit einem Draht.",0,0.42,0,1.4,1.4,6,"die","Weide","Vorsichtig umzäunt der Schäfer, der das Mittagessen vergessen hat, die"
"191","Weide",48,"C","mit einem Draht.",0,0,0,6.7,5.4,1,"die","Weide","Vorsichtig fälscht der Schäfer, der die Schafe gehütet hat, die"
"192","Weide",48,"D","mit einem Draht.",0,0,0,1.4,1.4,1,"die","Weide","Vorsichtig fälscht der Schäfer, der das Mittagessen vergessen hat, die"
"193","Predigt",49,"A","für die Gemeinde.",0,0.25,0,6.2,2.1,6.2,"die","Predigt","Nachdenklich hält der Pfarrer, nachdem er die Bibel aufgeschlagen hat, die"
"194","Predigt",49,"B","für die Gemeinde.",0,0.5,0,1.6,2.9,6.2,"die","Predigt","Nachdenklich hält der Pfarrer, nachdem er die Brille aufgesetzt hat, die"
"195","Predigt",49,"C","für die Gemeinde.",0,0,0,6.2,2.1,1.3,"die","Predigt","Nachdenklich leert der Pfarrer, nachdem er die Bibel aufgeschlagen hat, die"
"196","Predigt",49,"D","für die Gemeinde.",0,0,0,1.6,2.9,1.3,"die","Predigt","Nachdenklich leert der Pfarrer, nachdem er die Brille aufgesetzt hat, die"
"197","Wohnung",50,"A","mit neuen Möbeln.",0,0.5,0,7,2.7,6.8,"die","Wohnung","Unverzüglich möblierte der Vermieter, der den Mieter aufgenommen hatte, die"
"198","Wohnung",50,"B","mit neuen Möbeln.",0,0.75,0,4.7,3.6,6.8,"die","Wohnung","Unverzüglich möblierte der Vermieter, der die Überweisung erhalten hatte, die"
"199","Wohnung",50,"C","mit neuen Möbeln.",0,0,0,7,2.7,1.4,"die","Wohnung","Unverzüglich erntete der Vermieter, der den Mieter aufgenommen hatte, die"
"200","Wohnung",50,"D","mit neuen Möbeln.",0,0,0,4.7,3.6,1.4,"die","Wohnung","Unverzüglich erntete der Vermieter, der die Überweisung erhalten hatte, die"
"201","Abzug",51,"A","und trifft das Opfer.",2,0.5,0,3.2,4.4,5.9,"den","Abzug","Sofort betätigt der Killer, der das Ziel anvisiert hat, den"
"202","Abzug",51,"B","und trifft das Opfer.",2,0.33,0,1.4,3,5.9,"den","Abzug","Sofort betätigt der Killer, der den Tee abgestellt hat, den"
"203","Abzug",51,"C","und trifft das Opfer.",2,0,0,3.2,4.4,1.6,"den","Abzug","Sofort knickt der Killer, der das Ziel anvisiert hat, den"
"204","Abzug",51,"D","und trifft das Opfer.",2,0,0,1.4,3,1.6,"den","Abzug","Sofort knickt der Killer, der den Tee abgestellt hat, den"
"205","Paket",52,"A","mit der Arbeitskleidung.",0,0.42,1,6.7,4.4,6.5,"das","Paket","Heute überbringt der Bote, als er den Empfänger angetroffen hat, das"
"206","Paket",52,"B","mit der Arbeitskleidung.",0,0.33,1,3.6,1.2,6.5,"das","Paket","Heute überbringt der Bote, als er das Foyer durchquert hat, das"
"207","Paket",52,"C","mit der Arbeitskleidung.",0,0,1,6.7,4.4,1.3,"das","Paket","Heute erntet der Bote, als er den Empfänger angetroffen hat, das"
"208","Paket",52,"D","mit der Arbeitskleidung.",0,0,1,3.6,1.2,1.3,"das","Paket","Heute erntet der Bote, als er das Foyer durchquert hat, das"
"209","Tor",53,"A","und jubelte über seinen Erfolg.",3,0.92,0,6.8,3.4,6.9,"das","Tor","Schnell schoss der Fußballspieler, der das Fußballfeld überquert hatte, das"
"210","Tor",53,"B","und jubelte über seinen Erfolg.",3,0.67,0,1.6,2.7,6.9,"das","Tor","Schnell schoss der Fußballspieler, der die Jacke ausgezogen hatte, das"
"211","Tor",53,"C","und jubelte über seinen Erfolg.",3,0,0,6.8,3.4,1.5,"das","Tor","Schnell spürte der Fußballspieler, der das Fußballfeld überquert hatte, das"
"212","Tor",53,"D","und jubelte über seinen Erfolg.",3,0,0,1.6,2.7,1.5,"das","Tor","Schnell spürte der Fußballspieler, der die Jacke ausgezogen hatte, das"
"213","Flugzeug",54,"A","durch die Wolken.",0,1,1,7,1.8,5.8,"das","Flugzeug","Konzentriert steuerte der Pilot, der die Stewardess gerufen hatte, das"
"214","Flugzeug",54,"B","durch die Wolken.",0,0.92,1,1.6,3.4,5.8,"das","Flugzeug","Konzentriert steuerte der Pilot, der den Krimi gelesen hatte, das"
"215","Flugzeug",54,"C","durch die Wolken.",0,0,1,7,1.8,3.1,"das","Flugzeug","Konzentriert faltete der Pilot, der die Stewardess gerufen hatte, das"
"216","Flugzeug",54,"D","durch die Wolken.",0,0.08,1,1.6,3.4,3.1,"das","Flugzeug","Konzentriert faltete der Pilot, der den Krimi gelesen hatte, das"
"217","Skizze",55,"A","für den Bauherrn.",0,0.42,0,6.4,6.5,6.7,"die","Skizze","Rasch entwarf der Architekt, bevor er den Bauplan erstellte, die"
"218","Skizze",55,"B","für den Bauherrn.",0,0.25,0,4.3,4.7,6.7,"die","Skizze","Rasch entwarf der Architekt, bevor er den Vortrag schrieb, die"
"219","Skizze",55,"C","für den Bauherrn.",0,0,0,6.4,6.5,1.2,"die","Skizze","Rasch schüttelte der Architekt, bevor er den Bauplan erstellte, die"
"220","Skizze",55,"D","für den Bauherrn.",0,0,0,4.3,4.7,1.2,"die","Skizze","Rasch schüttelte der Architekt, bevor er den Vortrag schrieb, die"
"221","Kamin",56,"A","und verlässt das Grundstück.",1,0.42,0,6.8,3,6.4,"den","Kamin","Geschwind kehrt der Schornsteinfeger, der den Rauch einatmet, den"
"222","Kamin",56,"B","und verlässt das Grundstück.",1,0.17,0,3,1.3,6.4,"den","Kamin","Geschwind kehrt der Schornsteinfeger, der die Katze verscheucht, den"
"223","Kamin",56,"C","und verlässt das Grundstück.",1,0,0,6.8,3,1.1,"den","Kamin","Geschwind wirft der Schornsteinfeger, der den Rauch einatmet, den"
"224","Kamin",56,"D","und verlässt das Grundstück.",1,0.08,0,3,1.3,1.1,"den","Kamin","Geschwind wirft der Schornsteinfeger, der die Katze verscheucht, den"
"225","Wahl",57,"A","zum Minister.",0,1,0,6.5,5.3,6.7,"die","Wahl","Vorgestern gewann der Politiker, der die Stimmen zählte, die"
"226","Wahl",57,"B","zum Minister.",0,0.58,0,2.8,1.6,6.7,"die","Wahl","Vorgestern gewann der Politiker, der die Hände schüttelte, die"
"227","Wahl",57,"C","zum Minister.",0,0.08,0,6.5,5.3,1.6,"die","Wahl","Vorgestern reparierte der Politiker, der die Stimmen zählte, die"
"228","Wahl",57,"D","zum Minister.",0,0,0,2.8,1.6,1.6,"die","Wahl","Vorgestern reparierte der Politiker, der die Hände schüttelte, die"
"229","Foto",58,"A","von der Unfallstelle.",0,0.67,0,6.7,2.1,6.7,"das","Foto","Sofort schoss der Reporter, der die Kamera bediente, das"
"230","Foto",58,"B","von der Unfallstelle.",0,0.5,0,1.6,1.6,6.7,"das","Foto","Sofort schoss der Reporter, der die Zigarette rauchte, das"
"231","Foto",58,"C","von der Unfallstelle.",0,0,0,6.7,2.1,1.7,"das","Foto","Sofort verspeiste der Reporter, der die Kamera bediente, das"
"232","Foto",58,"D","von der Unfallstelle.",0,0,0,1.6,1.6,1.7,"das","Foto","Sofort verspeiste der Reporter, der die Zigarette rauchte, das"
"233","Programm",59,"A","für seinen Boss.",0,0.5,0,6.9,5.8,6.7,"das","Programm","Unverzüglich entwickelte der Informatiker, der den Computer hochfuhr, das"
"234","Programm",59,"B","für seinen Boss.",0,0.75,0,1.8,2,6.7,"das","Programm","Unverzüglich entwickelte der Informatiker, der den Energydrink trank, das"
"235","Programm",59,"C","für seinen Boss.",0,0,0,6.9,5.8,4.5,"das","Programm","Unverzüglich trocknete der Informatiker, der den Computer hochfuhr, das"
"236","Programm",59,"D","für seinen Boss.",0,0,0,1.8,2,4.5,"das","Programm","Unverzüglich trocknete der Informatiker, der den Energydrink trank, das"
"237","Urteil",60,"A","und schloss die Verhandlung.",0,1,1,7,4.5,6.7,"das","Urteil","Nun verkündete der Richter, nachdem er den Angeklagten hereingerufen hatte, das"
"238","Urteil",60,"B","und schloss die Verhandlung.",0,1,1,1.9,2.8,6.7,"das","Urteil","Nun verkündete der Richter, nachdem er die Lesebrille aufgesetzt hatte, das"
"239","Urteil",60,"C","und schloss die Verhandlung.",0,0,1,7,4.5,1.7,"das","Urteil","Nun roch der Richter, nachdem er den Angeklagten hereingerufen hatte, das"
"240","Urteil",60,"D","und schloss die Verhandlung.",0,0,1,1.9,2.8,1.7,"das","Urteil","Nun roch der Richter, nachdem er die Lesebrille aufgesetzt hatte, das"
"241","Prüfung",61,"A","in Mathematik.",0,0.58,0,6.6,5,5.8,"die","Prüfung","Zunächst bestand der Student, der das Studium wiederaufnahm, die"
"242","Prüfung",61,"B","in Mathematik.",0,0.25,0,2,1.3,5.8,"die","Prüfung","Zunächst bestand der Student, der das Jackett auszog, die"
"243","Prüfung",61,"C","in Mathematik.",0,0,0,6.6,5,3.4,"die","Prüfung","Zunächst kochte der Student, der das Studium wiederaufnahm, die"
"244","Prüfung",61,"D","in Mathematik.",0,0,0,2,1.3,3.4,"die","Prüfung","Zunächst kochte der Student, der das Jackett auszog, die"
"245","Lied",62,"A","über die Vergangenheit.",1,0.58,1,6.3,1.3,7,"das","Lied","Konzentriert sang der Sänger, der das Mikrofon umklammerte, das"
"246","Lied",62,"B","über die Vergangenheit.",1,0.58,1,1.9,1.5,7,"das","Lied","Konzentriert sang der Sänger, der den Hut abnahm, das"
"247","Lied",62,"C","über die Vergangenheit.",1,0,1,6.3,1.3,1.1,"das","Lied","Konzentriert reparierte der Sänger, der das Mikrofon umklammerte, das"
"248","Lied",62,"D","über die Vergangenheit.",1,0,1,1.9,1.5,1.1,"das","Lied","Konzentriert reparierte der Sänger, der den Hut abnahm, das"
"249","Farbe",63,"A","für den nächsten Auftrag.",0,0.92,1,6.9,3.5,6.3,"die","Farbe","Zufrieden mischte der Anstreicher, der die Pinsel gewaschen hatte, die"
"250","Farbe",63,"B","für den nächsten Auftrag.",0,1,1,3.5,1.8,6.3,"die","Farbe","Zufrieden mischte der Anstreicher, der die Plätzchen gegessen hatte, die"
"251","Farbe",63,"C","für den nächsten Auftrag.",0,0,1,6.9,3.5,1.4,"die","Farbe","Zufrieden würzte der Anstreicher, der die Pinsel gewaschen hatte, die"
"252","Farbe",63,"D","für den nächsten Auftrag.",0,0,1,3.5,1.8,1.4,"die","Farbe","Zufrieden würzte der Anstreicher, der die Plätzchen gegessen hatte, die"
"253","Blumen",64,"A","im Blumenkasten.",0,0.58,1,6.2,5.8,7,"die","Blumen","Einen Moment lang gießt der Gärtner, der den Dünger verteilt hat, die"
"254","Blumen",64,"B","im Blumenkasten.",0,0.5,1,2,1.4,7,"die","Blumen","Einen Moment lang gießt der Gärtner, der die Opernmusik angestellt hat, die"
"255","Blumen",64,"C","im Blumenkasten.",0,0,1,6.2,5.8,1.7,"die","Blumen","Einen Moment lang ölt der Gärtner, der den Dünger verteilt hat, die"
"256","Blumen",64,"D","im Blumenkasten.",0,0,1,2,1.4,1.7,"die","Blumen","Einen Moment lang ölt der Gärtner, der die Opernmusik angestellt hat, die"
"257","Hecke",65,"A","um das Grundstück.",2,0.5,1,6.6,1.9,6.5,"die","Hecke","Gestern Nachmittag stutzte der Landschaftsgärtner, der die Gartenschere geschärft hatte, die"
"258","Hecke",65,"B","um das Grundstück.",2,0.58,1,1.4,1.8,6.5,"die","Hecke","Gestern Nachmittag stutzte der Landschaftsgärtner, der die Sonnenbrille aufgesetzt hatte, die"
"259","Hecke",65,"C","um das Grundstück.",2,0,1,6.6,1.9,1.3,"die","Hecke","Gestern Nachmittag bezahlte der Landschaftsgärtner, der die Gartenschere geschärft hatte, die"
"260","Hecke",65,"D","um das Grundstück.",2,0,1,1.4,1.8,1.3,"die","Hecke","Gestern Nachmittag bezahlte der Landschaftsgärtner, der die Sonnenbrille aufgesetzt hatte, die"
"261","Feld",66,"A","mit einem Gaul.",2,0.92,0,6.8,2.1,6.2,"das","Feld","Früher beackerte der Landwirt, der den Traktor gestartet hatte, das"
"262","Feld",66,"B","mit einem Gaul.",2,0.67,0,3.9,1.1,6.2,"das","Feld","Früher beackerte der Landwirt, der den Sonnenhut aufgesetzt hatte, das"
"263","Feld",66,"C","mit einem Gaul.",2,0,0,6.8,2.1,2.5,"das","Feld","Früher kopierte der Landwirt, der den Traktor gestartet hatte, das"
"264","Feld",66,"D","mit einem Gaul.",2,0,0,3.9,1.1,2.5,"das","Feld","Früher kopierte der Landwirt, der den Sonnenhut aufgesetzt hatte, das"
"265","Schuh",67,"A","und polierte ihn.",1,0.5,0,6.4,4.1,4.9,"den","Schuh","Heute Morgen flickte der Schuster, der den Absatz ausgetauscht hatte, den"
"266","Schuh",67,"B","und polierte ihn.",1,0.75,0,1.2,1,4.9,"den","Schuh","Heute Morgen flickte der Schuster, der die Sirene gehört hatte, den"
"267","Schuh",67,"C","und polierte ihn.",1,0,0,6.4,4.1,1,"den","Schuh","Heute Morgen schmeckte der Schuster, der den Absatz ausgetauscht hatte, den"
"268","Schuh",67,"D","und polierte ihn.",1,0,0,1.2,1,1,"den","Schuh","Heute Morgen schmeckte der Schuster, der die Sirene gehört hatte, den"
"269","Koffer",68,"A","für die Kreuzfahrt.",1,0.83,0,6.6,3.5,6.9,"den","Koffer","Schnell packte der Urlauber, als er die Klamotten gefaltet hatte, den"
"270","Koffer",68,"B","für die Kreuzfahrt.",1,0.5,0,1.2,1.9,6.9,"den","Koffer","Schnell packte der Urlauber, als er die Gardinen aufgezogen hatte, den"
"271","Koffer",68,"C","für die Kreuzfahrt.",1,0,0,6.6,3.5,1.2,"den","Koffer","Schnell rührte der Urlauber, als er die Klamotten gefaltet hatte, den"
"272","Koffer",68,"D","für die Kreuzfahrt.",1,0,0,1.2,1.9,1.2,"den","Koffer","Schnell rührte der Urlauber, als er die Gardinen aufgezogen hatte, den"
"273","Honig",69,"A","aus den Waben.",0,1,1,6.9,1,5.5,"den","Honig","Sorgfältig erntet der Imker, nachdem er den Bienenstock erreicht hat, den"
"274","Honig",69,"B","aus den Waben.",0,0.92,1,2.8,1.1,5.5,"den","Honig","Sorgfältig erntet der Imker, nachdem er das Haus verlassen hat, den"
"275","Honig",69,"C","aus den Waben.",0,0,1,6.9,1,1.2,"den","Honig","Sorgfältig näht der Imker, nachdem er den Bienenstock erreicht hat, den"
"276","Honig",69,"D","aus den Waben.",0,0,1,2.8,1.1,1.2,"den","Honig","Sorgfältig näht der Imker, nachdem er das Haus verlassen hat, den"
"277","Gewehr",70,"A","und zielt erneut.",0,0.42,1,6.4,6.1,6,"das","Gewehr","Vorsichtig lädt der Jäger, der die Munition verschossen hat, das"
"278","Gewehr",70,"B","und zielt erneut.",0,0.5,1,1.4,1.3,6,"das","Gewehr","Vorsichtig lädt der Jäger, der den Campingplatz verlassen hat, das"
"279","Gewehr",70,"C","und zielt erneut.",0,0,1,6.4,6.1,1.3,"das","Gewehr","Vorsichtig schneidet der Jäger, der die Munition verschossen hat, das"
"280","Gewehr",70,"D","und zielt erneut.",0,0,1,1.4,1.3,1.3,"das","Gewehr","Vorsichtig schneidet der Jäger, der den Campingplatz verlassen hat, das"
"281","Mörtel",71,"A","für die Mauer.",0,0.42,0,6.1,4,6,"den","Mörtel","Vorsichtig mischte der Maurer, der die Backsteine aufeinanderlegte, den"
"282","Mörtel",71,"B","für die Mauer.",0,0.25,0,1.4,1,6,"den","Mörtel","Vorsichtig mischte der Maurer, der die Nachbarn belauschte, den"
"283","Mörtel",71,"C","für die Mauer.",0,0,0,6.1,4,1.3,"den","Mörtel","Vorsichtig schrieb der Maurer, der die Backsteine aufeinanderlegte, den"
"284","Mörtel",71,"D","für die Mauer.",0,0,0,1.4,1,1.3,"den","Mörtel","Vorsichtig schrieb der Maurer, der die Nachbarn belauschte, den"
"285","Mehl",72,"A","aus dem Korn.",2,0.67,0,6.9,1.4,5.9,"das","Mehl","Vorgestern mahlte der Müller, der die Mühle betrieb, das"
"286","Mehl",72,"B","aus dem Korn.",2,0.5,0,1,1.1,5.9,"das","Mehl","Vorgestern mahlte der Müller, der das Lied pfiff, das"
"287","Mehl",72,"C","aus dem Korn.",2,0,0,6.9,1.4,2.4,"das","Mehl","Vorgestern verzierte der Müller, der die Mühle betrieb, das"
"288","Mehl",72,"D","aus dem Korn.",2,0.17,0,1,1.1,2.4,"das","Mehl","Vorgestern verzierte der Müller, der das Lied pfiff, das"
"289","Kuh",73,"A","und brachte ihr frisches Heu.",0,1,0,7,4.5,6.8,"die","Kuh","Vorsichtig melkte der Viehzüchter, nachdem er den Stall ausgemistet hatte, die"
"290","Kuh",73,"B","und brachte ihr frisches Heu.",0,0.75,0,3.1,1,6.8,"die","Kuh","Vorsichtig melkte der Viehzüchter, nachdem er das Gemüse sortiert hatte, die"
"291","Kuh",73,"C","und brachte ihr frisches Heu.",0,0,0,7,4.5,1.4,"die","Kuh","Vorsichtig kleidete der Viehzüchter, nachdem er den Stall ausgemistet hatte, die"
"292","Kuh",73,"D","und brachte ihr frisches Heu.",0,0.08,0,3.1,1,1.4,"die","Kuh","Vorsichtig kleidete der Viehzüchter, nachdem er das Gemüse sortiert hatte, die"
"293","Bett",74,"A","und das Kissen.",0,0.92,0,6.9,4.7,6.9,"das","Bett","Zuerst bezog der Hotelangestellte, nachdem er den Bezug entfaltet hatte, das"
"294","Bett",74,"B","und das Kissen.",0,0.67,0,1.1,1.8,6.9,"das","Bett","Zuerst bezog der Hotelangestellte, nachdem er den Hamburger verspeist hatte, das"
"295","Bett",74,"C","und das Kissen.",0,0.08,0,6.9,4.7,1.2,"das","Bett","Zuerst fälschte der Hotelangestellte, nachdem er den Bezug entfaltet hatte, das"
"296","Bett",74,"D","und das Kissen.",0,0,0,1.1,1.8,1.2,"das","Bett","Zuerst fälschte der Hotelangestellte, nachdem er den Hamburger verspeist hatte, das"
"297","Ziel",75,"A","und durchtrennt die Ziellinie.",1,0.92,0,6,5.8,6.6,"das","Ziel","Augenblicklich erreicht der Sprinter, der das Rennen gewinnt, das"
"298","Ziel",75,"B","und durchtrennt die Ziellinie.",1,0.75,0,1.9,2.7,6.6,"das","Ziel","Augenblicklich erreicht der Sprinter, der den Wind genießt, das"
"299","Ziel",75,"C","und durchtrennt die Ziellinie.",1,0,0,6,5.8,1.9,"das","Ziel","Augenblicklich reinigt der Sprinter, der das Rennen gewinnt, das"
"300","Ziel",75,"D","und durchtrennt die Ziellinie.",1,0,0,1.9,2.7,1.9,"das","Ziel","Augenblicklich reinigt der Sprinter, der den Wind genießt, das"
"301","Welle",76,"A","bis zum Strand.",0,0.58,0,5.1,1.3,7,"die","Welle","Direkt surft der Surfer, der die Badehose angezogen hat, die"
"302","Welle",76,"B","bis zum Strand.",0,0.42,0,3.2,1.3,7,"die","Welle","Direkt surft der Surfer, der den Tagesausflug unternommen hat, die"
"303","Welle",76,"C","bis zum Strand.",0,0,0,5.1,1.3,1.5,"die","Welle","Direkt reserviert der Surfer, der die Badehose angezogen hat, die"
"304","Welle",76,"D","bis zum Strand.",0,0,0,3.2,1.3,1.5,"die","Welle","Direkt reserviert der Surfer, der den Tagesausflug unternommen hat, die"
"305","Fahrkarten",77,"A","der Pendler.",0,0.5,1,6.7,3.3,6.6,"die","Fahrkarten","Gut gelaunt kontrollierte der Schaffner, der das Zugabteil betreten hatte, die"
"306","Fahrkarten",77,"B","der Pendler.",0,0.42,1,2.8,2.4,6.6,"die","Fahrkarten","Gut gelaunt kontrollierte der Schaffner, der die Mittagspause beendet hatte, die"
"307","Fahrkarten",77,"C","der Pendler.",0,0,1,6.7,3.3,1.3,"die","Fahrkarten","Gut gelaunt zitierte der Schaffner, der das Zugabteil betreten hatte, die"
"308","Fahrkarten",77,"D","der Pendler.",0,0,1,2.8,2.4,1.3,"die","Fahrkarten","Gut gelaunt zitierte der Schaffner, der die Mittagspause beendet hatte, die"
"309","Leitung",78,"A","im Gebäude.",0,0.5,1,6.8,4.5,6.2,"die","Leitung","Am Mittag verlegte der Elektriker, nachdem er den Strom abgeschaltet hatte, die"
"310","Leitung",78,"B","im Gebäude.",0,0.41,1,2.2,3.4,6.2,"die","Leitung","Am Mittag verlegte der Elektriker, nachdem er den Anwohner informiert hatte, die"
"311","Leitung",78,"C","im Gebäude.",0,0,1,6.8,4.5,1.5,"die","Leitung","Am Mittag verfasste der Elektriker, nachdem er den Strom abgeschaltet hatte, die"
"312","Leitung",78,"D","im Gebäude.",0,0,1,2.2,3.4,1.5,"die","Leitung","Am Mittag verfasste der Elektriker, nachdem er den Anwohner informiert hatte, die"
"313","Segel",79,"A","des großen Bootes.",3,0.42,1,5.5,4.4,5.8,"die","Segel","Langsam hisst der Matrose, nachdem er die Taue gekappt hat, die"
"314","Segel",79,"B","des großen Bootes.",3,0.42,1,2.2,2.7,5.8,"die","Segel","Langsam hisst der Matrose, nachdem er die Handschuhe angezogen hat, die"
"315","Segel",79,"C","des großen Bootes.",3,0,1,5.5,4.4,1.9,"die","Segel","Langsam verzehrt der Matrose, nachdem er die Taue gekappt hat, die"
"316","Segel",79,"D","des großen Bootes.",3,0,1,2.2,2.7,1.9,"die","Segel","Langsam verzehrt der Matrose, nachdem er die Handschuhe angezogen hat, die"
"317","Gläser",80,"A","und spricht mit dem Kollegen.",0,0.67,1,5.2,1.4,5.8,"die","Gläser","Direkt entspiegelt der Optiker, nachdem er den Sehtest durchgeführt hat, die"
"318","Gläser",80,"B","und spricht mit dem Kollegen.",0,0.67,1,1.5,5,5.8,"die","Gläser","Direkt entspiegelt der Optiker, nachdem er die Jahresabrechnung aufgestellt hat, die"
"319","Gläser",80,"C","und spricht mit dem Kollegen.",0,0,1,5.2,1.4,4.3,"die","Gläser","Direkt verschließt der Optiker, nachdem er den Sehtest durchgeführt hat, die"
"320","Gläser",80,"D","und spricht mit dem Kollegen.",0,0,1,1.5,5,4.3,"die","Gläser","Direkt verschließt der Optiker, nachdem er die Jahresabrechnung aufgestellt hat, die"
"321","Korb",81,"A","und holt einen Punkt.",0,0.83,0,6,4.8,4.8,"den","Korb","Auf der Stelle wirft der Basketballer, der den Ball gedribbelt hat, den"
"322","Korb",81,"B","und holt einen Punkt.",0,0.5,0,2.9,1.8,4.8,"den","Korb","Auf der Stelle wirft der Basketballer, der die Sitzbank verlassen hat, den"
"323","Korb",81,"C","und holt einen Punkt.",0,0,0,6,4.8,1.8,"den","Korb","Auf der Stelle bucht der Basketballer, der den Ball gedribbelt hat, den"
"324","Korb",81,"D","und holt einen Punkt.",0,0,0,2.9,1.8,1.8,"den","Korb","Auf der Stelle bucht der Basketballer, der die Sitzbank verlassen hat, den"
"325","Muschel",82,"A","und holt die Perle.",0,0.92,0,6.2,1.5,4.2,"die","Muschel","Ohne zu zögern knackt der Perlentaucher, der den Meeresgrund erreicht hat, die"
"326","Muschel",82,"B","und holt die Perle.",0,0.75,0,1,1.2,4.2,"die","Muschel","Ohne zu zögern knackt der Perlentaucher, der die Taschenlampe angemacht hat, die"
"327","Muschel",82,"C","und holt die Perle.",0,0,0,6.2,1.5,1.4,"die","Muschel","Ohne zu zögern verknotet der Perlentaucher, die den Meeresgrund erreicht hat, die"
"328","Muschel",82,"D","und holt die Perle.",0,0,0,1,1.2,1.4,"die","Muschel","Ohne zu zögern verknotet der Perlentaucher, der die Taschenlampe angemacht hat, die"
"329","Bogen",83,"A","und feuert den Pfeil ab.",0,1,0,7,2.1,6.7,"den","Bogen","Umsichtig spannt der Schütze, der den Pfeil gespitzt hat, den"
"330","Bogen",83,"B","und feuert den Pfeil ab.",0,0.67,0,1.5,1.2,6.7,"den","Bogen","Umsichtig spannt der Schütze, der das Laub zusammengekehrt hat, den"
"331","Bogen",83,"C","und feuert den Pfeil ab.",0,0.08,0,7,2.1,1.2,"den","Bogen","Umsichtig tippt der Schütze, der den Pfeil gespitzt hat, den"
"332","Bogen",83,"D","und feuert den Pfeil ab.",0,0,0,1.5,1.2,1.2,"den","Bogen","Umsichtig tippt der Schütze, der das Laub zusammengekehrt hat, den"
"333","Ziegel",84,"A","und beendete den Arbeitstag.",0,0.58,1,7,4.8,4.2,"die","Ziegel","Schnell verlegte der Dachdecker, der das Dach abdeckte, die"
"334","Ziegel",84,"B","und beendete den Arbeitstag.",0,0.5,1,1.2,1.6,4.2,"die","Ziegel","Schnell verlegte der Dachdecker, der den Ehering auszog, die"
"335","Ziegel",84,"C","und beendete den Arbeitstag.",0,0,1,7,4.8,1,"die","Ziegel","Schnell naschte der Dachdecker, der das Dach abdeckte, die"
"336","Ziegel",84,"D","und beendete den Arbeitstag.",0,0,1,1.2,1.6,1,"die","Ziegel","Schnell naschte der Dachdecker, der den Ehering auszog, die"
"337","Kartons",85,"A","und die Kisten.",0,0.58,1,6.5,1.9,5.5,"die","Kartons","Zuerst stapelt der Umzugshelfer, der den Umzugswagen gefahren hat, die"
"338","Kartons",85,"B","und die Kisten.",0,0.67,1,4.4,1.1,5.5,"die","Kartons","Zuerst stapelt der Umzugshelfer, der die Firma gegründet hat, die"
"339","Kartons",85,"C","und die Kisten.",0,0,1,6.5,1.9,2,"die","Kartons","Zuerst serviert der Umzugshelfer, der den Umzugswagen gefahren hat, die"
"340","Kartons",85,"D","und die Kisten.",0,0,1,4.4,1.1,2,"die","Kartons","Zuerst serviert der Umzugshelfer, der die Firma gegründet hat, die"
"341","Unterricht",86,"A","und wurde erwischt.",2,0.5,0,7,5.9,6.7,"den","Unterricht","Heute früh schwänzte der Schüler, der die Klasse wiederholt hatte, den"
"342","Unterricht",86,"B","und wurde erwischt.",2,0.33,0,3.8,1.8,6.7,"den","Unterricht","Heute früh schwänzte der Schüler, der das Handy verloren hatte, den"
"343","Unterricht",86,"C","und wurde erwischt.",2,0,0,7,5.9,1.7,"den","Unterricht","Heute früh dekorierte der Schüler, der die Klasse wiederholt hatte, den"
"344","Unterricht",86,"D","und wurde erwischt.",2,0,0,3.8,1.8,1.7,"den","Unterricht","Heute früh dekorierte der Schüler, der das Handy verloren hatte, den"
"345","Ausweis",87,"A","und ließ die Frau in den Club.",0,0.33,1,6.4,3.3,6.6,"den","Ausweis","Am Abend kontrollierte der Türsteher, der den Geldbeutel durchsuchte, den"
"346","Ausweis",87,"B","und ließ die Frau in den Club.",0,0.25,1,2,1.2,6.6,"den","Ausweis","Am Abend kontrollierte der Türsteher, der die Nachtluft genoss, den"
"347","Ausweis",87,"C","und ließ die Frau in den Club.",0,0,1,6.4,3.3,1.5,"den","Ausweis","Am Abend probierte der Türsteher, der den Geldbeutel durchsuchte, den"
"348","Ausweis",87,"D","und ließ die Frau in den Club.",0,0,1,2,1.2,1.5,"den","Ausweis","Am Abend probierte der Türsteher, der die Nachtluft genoss, den"
"349","Windel",88,"A","und warf sie in den Abfall.",0,0.92,1,6.7,2.4,6.5,"die","Windel","Umsichtig wechselte der Babysitter, der das Baby geweckt hatte, die"
"350","Windel",88,"B","und warf sie in den Abfall.",0,0.83,1,1,1.1,6.5,"die","Windel","Umsichtig wechselte der Babysitter, der den Obstsalat zubereitet hatte, die"
"351","Windel",88,"C","und warf sie in den Abfall.",0,0.08,1,6.7,2.4,1.5,"die","Windel","Umsichtig bastelte der Babysitter, der das Baby geweckt hatte, die"
"352","Windel",88,"D","und warf sie in den Abfall.",0,0,1,1,1.1,1.5,"die","Windel","Umsichtig bastelte der Babysitter, der den Obstsalat zubereitet hatte, die"
"353","Gewichte",89,"A","in die Höhe.",0,0.5,1,6.7,1.6,6.7,"die","Gewichte","Langsam stemmte der Bodybuilder, der das Fitnessstudio betreten hatte, die"
"354","Gewichte",89,"B","in die Höhe.",0,0.42,1,1.7,2,6.7,"die","Gewichte","Langsam stemmte der Bodybuilder, der das Licht angemacht hatte, die"
"355","Gewichte",89,"C","in die Höhe.",0,0,1,6.7,1.6,2,"die","Gewichte","Langsam verdaute der Bodybuilder, der das Fitnessstudio betreten hatte, die"
"356","Gewichte",89,"D","in die Höhe.",0,0,1,1.7,2,2,"die","Gewichte","Langsam verdaute der Bodybuilder, der das Licht angemacht hatte, die"
"357","Rohr",90,"A","im Badezimmer.",0,0.17,1,6.4,1.5,5.5,"das","Rohr","Umsichtig repariert der Klempner, der das Wasser ausgestellt hat, das"
"358","Rohr",90,"B","im Badezimmer.",0,0.25,1,1.3,4.6,5.5,"das","Rohr","Umsichtig repariert der Klempner, der den Kirchenchor geleitet hat, das"
"359","Rohr",90,"C","im Badezimmer.",0,0,1,6.4,1.5,1.1,"das","Rohr","Umsichtig nascht der Klempner, der das Wasser ausgestellt hat, das"
"360","Rohr",90,"D","im Badezimmer.",0,0,1,1.3,4.6,1.1,"das","Rohr","Umsichtig nascht der Klempner, der den Kirchenchor geleitet hat, das"
"361","Artikel",91,"A","für die nächste Ausgabe.",0,0.5,0,6.4,1.5,6.1,"den","Artikel","Schnell schreibt der Journalist, der die Recherche durchgeführt hat, den"
"362","Artikel",91,"B","für die nächste Ausgabe.",0,0.25,0,2.5,5.4,6.1,"den","Artikel","Schnell schreibt der Journalist, der das Portemonnaie gefunden hat, den"
"363","Artikel",91,"C","für die nächste Ausgabe.",0,0,0,6.4,1.5,2.3,"den","Artikel","Schnell lenkt der Journalist, der die Recherche durchgeführt hat, den"
"364","Artikel",91,"D","für die nächste Ausgabe.",0,0,0,2.5,5.4,2.3,"den","Artikel","Schnell lenkt der Journalist, der das Portemonnaie gefunden hat, den"
"365","Reifen",92,"A","an seinem Rad.",0,0.67,1,6.8,4.1,6.7,"den","Reifen","Heute Morgen flickte der Radler, der die Luftpumpe benutzt hatte, den"
"366","Reifen",92,"B","an seinem Rad.",0,0.67,1,1.2,1.8,6.7,"den","Reifen","Heute Morgen flickte der Radler, der den Schrank abgeschlossen hatte, den"
"367","Reifen",92,"C","an seinem Rad.",0,0,1,6.8,4.1,1.1,"den","Reifen","Heute Morgen trank der Radler, der die Luftpumpe benutzt hatte, den"
"368","Reifen",92,"D","an seinem Rad.",0,0,1,1.2,1.8,1.1,"den","Reifen","Heute Morgen trank der Radler, der den Schrank abgeschlossen hatte, den"
"369","Briefkasten",93,"A","und fährt weiter.",2,0.58,1,6.2,1.3,6.3,"den","Briefkasten","Umgehend entleert der Postbote, der das Postauto geparkt hat, den"
"370","Briefkasten",93,"B","und fährt weiter.",2,0.58,1,2.5,2,6.3,"den","Briefkasten","Umgehend entleert der Postbote, der den Kugelschreiber verloren hat, den"
"371","Briefkasten",93,"C","und fährt weiter.",2,0,1,6.2,1.3,1.1,"den","Briefkasten","Umgehend verdrückt der Postbote, der das Postauto geparkt hat, den"
"372","Briefkasten",93,"D","und fährt weiter.",2,0,1,2.5,2,1.1,"den","Briefkasten","Umgehend verdrückt der Postbote, der den Kugelschreiber verloren hat, den"
"373","Drogen",94,"A","für die nächste Woche.",0,0.5,1,6.8,2.2,4.7,"die","Drogen","Hektisch kauft der Junkie, der den Dealer angerufen hat, die"
"374","Drogen",94,"B","für die nächste Woche.",0,0.5,1,2.1,2.2,4.7,"die","Drogen","Hektisch kauft der Junkie, der die Kapuze aufgezogen hat, die"
"375","Drogen",94,"C","für die nächste Woche.",0,0,1,6.8,2.2,1.1,"die","Drogen","Hektisch näht der Junkie, der den Dealer angerufen hat, die"
"376","Drogen",94,"D","für die nächste Woche.",0,0.08,1,2.1,2.2,1.1,"die","Drogen","Hektisch näht der Junkie, der die Kapuze aufgezogen hat, die"
"377","Tonne",95,"A","und sprang auf den Müllwagen.",0,0.75,1,6.4,1.8,5.8,"die","Tonne","Zügig leerte der Müllmann, der den Müllwagen geparkt hatte, die"
"378","Tonne",95,"B","und sprang auf den Müllwagen.",0,0.75,1,4.2,1.1,5.8,"die","Tonne","Zügig leerte der Müllmann, der den Hausbesitzer gegrüßt hatte, die"
"379","Tonne",95,"C","und sprang auf den Müllwagen.",0,0,1,6.4,1.8,1.8,"die","Tonne","Zügig bastelte der Müllmann, der den Müllwagen geparkt hatte, die"
"380","Tonne",95,"D","und sprang auf den Müllwagen.",0,0,1,4.2,1.1,1.8,"die","Tonne","Zügig bastelte der Müllmann, der den Hausbesitzer gegrüßt hatte, die"
"381","Peitsche",96,"A","und gab die Sporen.",2,0.58,1,6,5.6,5.8,"die","Peitsche","Hektisch knallte der Reiter, der das Pferd ritt, die"
"382","Peitsche",96,"B","und gab die Sporen.",2,0.5,1,1.2,1.2,5.8,"die","Peitsche","Hektisch knallte der Reiter, der die Landschaft durchquerte, die"
"383","Peitsche",96,"C","und gab die Sporen.",2,0,1,6,5.6,1.1,"die","Peitsche","Hektisch verfasste der Reiter, der das Pferd ritt, die"
"384","Peitsche",96,"D","und gab die Sporen.",2,0,1,1.2,1.2,1.1,"die","Peitsche","Hektisch verfasste der Reiter, der die Landschaft durchquerte, die"
"385","Waffe",97,"A","und verlangte das Geld.",0,0.58,1,3.9,6.5,6.1,"die","Waffe","Nach kurzem Überlegen zückte der Gangster, der die Bank überfiel, die"
"386","Waffe",97,"B","und verlangte das Geld.",0,0.58,1,1.3,1.1,6.1,"die","Waffe","Nach kurzem Überlegen zückte der Gangster, der den Bus betrat, die"
"387","Waffe",97,"C","und verlangte das Geld.",0,0,1,3.9,6.5,1.4,"die","Waffe","Nach kurzem Überlegen gründete der Gangster, der die Bank überfiel, die"
"388","Waffe",97,"D","und verlangte das Geld.",0,0,1,1.3,1.1,1.4,"die","Waffe","Nach kurzem Überlegen gründete der Gangster, der den Bus betrat, die"
"389","Schiff",98,"A","und übernahm das Kommando.",0,0.92,1,6.2,5.1,6.8,"das","Schiff","Zufrieden kaperte der Pirat, der die Flagge hisste, das"
"390","Schiff",98,"B","und übernahm das Kommando.",0,0.92,1,2.3,1.4,6.8,"das","Schiff","Zufrieden kaperte der Pirat, der die Fehde austrug, das"
"391","Schiff",98,"C","und übernahm das Kommando.",0,0,1,6.2,5.1,1.1,"das","Schiff","Zufrieden verrührte der Pirat, der die Flagge hisste, das"
"392","Schiff",98,"D","und übernahm das Kommando.",0,0,1,2.3,1.4,1.1,"das","Schiff","Zufrieden verrührte der Pirat, der die Fehde austrug, das"
"393","Aktie",99,"A","und berichtet seinem Auftraggeber.",0,0.75,1,6.9,1.1,6.5,"die","Aktie","Sofort kauft der Börsenmakler, der die Börse betreten hat, die"
"394","Aktie",99,"B","und berichtet seinem Auftraggeber.",0,0.83,1,1.4,1.6,6.5,"die","Aktie","Sofort kauft der Börsenmakler, der den Whiskey eingeschenkt hat, die"
"395","Aktie",99,"C","und berichtet seinem Auftraggeber.",0,0,1,6.9,1.1,1.4,"die","Aktie","Sofort knabbert der Börsenmakler, der die Börse betreten hat, die"
"396","Aktie",99,"D","und berichtet seinem Auftraggeber.",0,0,1,1.4,1.6,1.4,"die","Aktie","Sofort knabbert der Börsenmakler, der den Whiskey eingeschenkt hat, die"
"397","Loch",100,"A","in die Decke.",0,1,0,6.5,2,6.9,"das","Loch","Gestern bohrte der Handwerker, der die Bohrmaschine hielt, das"
"398","Loch",100,"B","in die Decke.",0,0.75,0,1.4,1.7,6.9,"das","Loch","Gestern bohrte der Handwerker, der das Kaugummi kaute, das"
"399","Loch",100,"C","in die Decke.",0,0,0,6.5,2,3.9,"das","Loch","Gestern warf der Handwerker, der die Bohrmaschine hielt, das"
"400","Loch",100,"D","in die Decke.",0,0,0,1.4,1.7,3.9,"das","Loch","Gestern warf der Handwerker, der das Kaugummi kaute, das"
"401","Blutdruck",101,"A","und den Blutzucker.",3,0.58,1,6.8,1.6,6.7,"den","Blutdruck","Am Morgen misst der Arzthelfer, der das Messgerät hält, den"
"402","Blutdruck",101,"B","und den Blutzucker.",3,0.58,1,2.3,1.6,6.7,"den","Blutdruck","Am Morgen misst der Arzthelfer, der den Bildschirm anstellt, den"
"403","Blutdruck",101,"C","und den Blutzucker.",3,0,1,6.8,1.6,1.4,"den","Blutdruck","Am Morgen kauft der Arzthelfer, der das Messgerät hält, den"
"404","Blutdruck",101,"D","und den Blutzucker.",3,0,1,2.3,1.6,1.4,"den","Blutdruck","Am Morgen kauft der Arzthelfer, der den Bildschirm anstellt, den"
"405","Tuch",102,"A","und machte sich bereit.",0,0.67,0,6.3,3.5,2.7,"das","Tuch","Konzentriert schwang der Torero, der den Stier verwundet hatte, das"
"406","Tuch",102,"B","und machte sich bereit.",0,0.83,0,4.1,1.8,2.7,"das","Tuch","Konzentriert schwang der Torero, der das Gebet aufgesagt hatte, das"
"407","Tuch",102,"C","und machte sich bereit.",0,0,0,6.3,3.5,2.6,"das","Tuch","Konzentriert befüllte der Torero, der den Stier verwundet hatte, das"
"408","Tuch",102,"D","und machte sich bereit.",0,0,0,4.1,1.8,2.6,"das","Tuch","Konzentriert befüllte der Torero, der das Gebet aufgesagt hatte, das"
"409","Schwert",103,"A","und griff den Gegner an.",0,0.92,1,6.2,1.5,5.9,"das","Schwert","Angespannt zückte der Ritter, nachdem er den Kampf begonnen hatte, das"
"410","Schwert",103,"B","und griff den Gegner an.",0,0.92,1,1.1,1,5.9,"das","Schwert","Angespannt zückte der Ritter, nachdem er die Brücke überquert hatte, das"
"411","Schwert",103,"C","und griff den Gegner an.",0,0,1,6.2,1.5,1.1,"das","Schwert","Angespannt kaute der Ritter, nachdem er den Kampf begonnen hatte, das"
"412","Schwert",103,"D","und griff den Gegner an.",0,0.08,1,1.1,1,1.1,"das","Schwert","Angespannt kaute der Ritter, nachdem er die Brücke überquert hatte, das"
"413","Rettungswagen",104,"A","in Richtung des Krankenhauses.",0,0.75,0,6.8,2.6,4.7,"den","Rettungswagen","Wachsam steuert der Sanitäter, der das Blaulicht eingeschaltet hat, den"
"414","Rettungswagen",104,"B","in Richtung des Krankenhauses.",0,0.58,0,1.3,1.2,4.7,"den","Rettungswagen","Wachsam steuert der Sanitäter, der den Notizblock weggelegt hat, den"
"415","Rettungswagen",104,"C","in Richtung des Krankenhauses.",0,0,0,6.8,2.6,1,"den","Rettungswagen","Wachsam kopiert der Sanitäter, der das Blaulicht eingeschaltet hat, den"
"416","Rettungswagen",104,"D","in Richtung des Krankenhauses.",0,0,0,1.3,1.2,1,"den","Rettungswagen","Wachsam kopiert der Sanitäter, der den Notizblock weggelegt hat, den"
"417","Aussage",105,"A","und wendete sich an seinen Anwalt.",0,1,0,6.4,3.5,6.3,"die","Aussage","Ohne zu zögern verweigerte der Zeuge, der den Angeklagten wiedererkannte, die"
"418","Aussage",105,"B","und wendete sich an seinen Anwalt.",0,0.83,0,1.1,1.6,6.3,"die","Aussage","Ohne zu zögern verweigerte der Zeuge, der den Gehstock umklammerte, die"
"419","Aussage",105,"C","und wendete sich an seinen Anwalt.",0,0,0,6.4,3.5,2.6,"die","Aussage","Ohne zu zögern bestellte der Zeuge, der den Angeklagten wiedererkannte, die"
"420","Aussage",105,"D","und wendete sich an seinen Anwalt.",0,0,0,1.1,1.6,2.6,"die","Aussage","Ohne zu zögern bestellte der Zeuge, der den Gehstock umklammerte, die"
"421","Schlittschuhe",106,"A","und begibt sich auf die Eisfläche.",2,1,0,6.7,2,6.1,"die","Schlittschuhe","Sogleich schnürt der Eiskunstläufer, der die Eishalle erreicht hat, die"
"422","Schlittschuhe",106,"B","und begibt sich auf die Eisfläche.",2,0.75,0,1.5,1.1,6.1,"die","Schlittschuhe","Sogleich schnürt der Eiskunstläufer, der das Bonbon gelutscht hat, die"
"423","Schlittschuhe",106,"C","und begibt sich auf die Eisfläche.",2,0,0,6.7,2,1.6,"die","Schlittschuhe","Sogleich zerbricht der Eiskunstläufer, der die Eishalle erreicht hat, die"
"424","Schlittschuhe",106,"D","und begibt sich auf die Eisfläche.",2,0.08,0,1.5,1.1,1.6,"die","Schlittschuhe","Sogleich zerbricht der Eiskunstläufer, der das Bonbon gelutscht hat, die"
"425","Lasso",107,"A","und fängt das Tier ein.",0,0.33,0,5.4,4.5,6.5,"das","Lasso","Gut gelaunt schwingt der Cowboy, nachdem er das Pferd gesattelt hatte, das"
"426","Lasso",107,"B","und fängt das Tier ein.",0,0.75,0,1.3,1.6,6.5,"das","Lasso","Gut gelaunt schwingt der Cowboy, nachdem er den Kameraden gerufen hat, das"
"427","Lasso",107,"C","und fängt das Tier ein.",0,0,0,5.4,4.5,1.1,"das","Lasso","Gut gelaunt zerhackt der Cowboy, nachdem er das Pferd gesattelt hatte, das"
"428","Lasso",107,"D","und fängt das Tier ein.",0,0,0,1.3,1.6,1.1,"das","Lasso","Gut gelaunt zerhackt der Cowboy, nachdem er den Kameraden gerufen hat, das"
"429","Drehbuch",108,"A","für die Serie.",2,0.33,0,6.6,4.4,6,"das","Drehbuch","Entspannt schrieb der Regisseur, der den Plot konstruiert hatte, das"
"430","Drehbuch",108,"B","für die Serie.",2,0.75,0,1.1,1.3,6,"das","Drehbuch","Entspannt schrieb der Regisseur, der den Kamin angemacht hatte, das"
"431","Drehbuch",108,"C","für die Serie.",2,0,0,6.6,4.4,1.1,"das","Drehbuch","Entspannt verzehrte der Regisseur, der den Plot konstruiert hatte, das"
"432","Drehbuch",108,"D","für die Serie.",2,0,0,1.1,1.3,1.1,"das","Drehbuch","Entspannt verzehrte der Regisseur, der den Kamin angemacht hatte, das"
"433","Stern",109,"A","am Firmament.",0,0.58,1,5.7,2.4,4.9,"den","Stern","Sofort entdeckt der Astronom, der das Teleskop aufgestellt hat, den"
"434","Stern",109,"B","am Firmament.",0,0.58,1,3,1.9,4.9,"den","Stern","Sofort entdeckt der Astronom, der die Uhrzeit notiert hat, den"
"435","Stern",109,"C","am Firmament.",0,0,1,5.7,2.4,1.4,"den","Stern","Sofort serviert der Astronom, der das Teleskop aufgestellt hat, den"
"436","Stern",109,"D","am Firmament.",0,0,1,3,1.9,1.4,"den","Stern","Sofort serviert der Astronom, der die Uhrzeit notiert hat, den"
"437","Anker",110,"A","und verließ den Hafen.",0,0.5,1,6.4,2,6.9,"den","Anker","Gestern lichtete der Seemann, der das Boot kommandierte, den"
"438","Anker",110,"B","und verließ den Hafen.",0,0.58,1,1,4.1,6.9,"den","Anker","Gestern lichtete der Seemann, der den Atem anhielt, den"
"439","Anker",110,"C","und verließ den Hafen.",0,0,1,6.4,2,1,"den","Anker","Gestern kochte der Seemann, der das Boot kommandierte, den"
"440","Anker",110,"D","und verließ den Hafen.",0,0,1,1,4.1,1,"den","Anker","Gestern kochte der Seemann, der den Atem anhielt, den"
"441","Seil",111,"A","um den Aufstieg abzusichern.",2,0.58,0,4.6,1.6,6.1,"das","Seil","Am Vormittag knotete der Bergsteiger, nachdem er den Haken festgebohrt hatte, das"
"442","Seil",111,"B","um den Aufstieg abzusichern.",2,0.75,0,1.4,1.6,6.1,"das","Seil","Am Vormittag knotete der Bergsteiger, nachdem er die Krähe verscheucht hatte, das"
"443","Seil",111,"C","um den Aufstieg abzusichern.",2,0,0,4.6,1.6,1.2,"das","Seil","Am Vormittag roch der Bergsteiger, nachdem er den Haken festgebohrt hatte, das"
"444","Seil",111,"D","um den Aufstieg abzusichern.",2,0,0,1.4,1.6,1.2,"das","Seil","Am Vormittag roch der Bergsteiger, nachdem er die Krähe verscheucht hatte, das"
"445","Rouletterad",112,"A","und verrät die nächste Zahl.",0,0.67,0,6.3,2.1,6.1,"das","Rouletterad","Entspannt dreht der Croupier, der den Spieltisch vorbereitet hat, das"
"446","Rouletterad",112,"B","und verrät die nächste Zahl.",0,0.33,0,2,1.3,6.1,"das","Rouletterad","Entspannt dreht der Croupier, der die Frau beeindruckt hat, das"
"447","Rouletterad",112,"C","und verrät die nächste Zahl.",0,0,0,6.3,2.1,1.1,"das","Rouletterad","Entspannt schlürft der Croupier, der den Spieltisch vorbereitet hat, das"
"448","Rouletterad",112,"D","und verrät die nächste Zahl.",0,0,0,2,1.3,1.1,"das","Rouletterad","Entspannt schlürft der Croupier, der die Frau beeindruckt hat, das"
"449","Nägel",113,"A","und lackierte sie.",0,0.75,0,6.9,1.7,6.8,"die","Nägel","Neulich feilte die Kosmetikerin, während sie die Maniküre durchführte, die"
"450","Nägel",113,"B","und lackierte sie.",0,1,0,1.3,1,6.8,"die","Nägel","Neulich feilte die Kosmetikerin, während sie das Gespräch belauschte, die"
"451","Nägel",113,"C","und lackierte sie.",0,0.08,0,6.9,1.7,5.5,"die","Nägel","Neulich baute die Kosmetikerin, während sie die Maniküre durchführte, die"
"452","Nägel",113,"D","und lackierte sie.",0,0,0,1.3,1,5.5,"die","Nägel","Neulich baute die Kosmetikerin, während sie das Gespräch belauschte, die"
"453","Zukunft",114,"A","der Familie.",0,0.58,1,6.7,3.9,6.8,"die","Zukunft","Sogleich prophezeite der Wahrsager, der die Kristallkugel befragt hatte, die"
"454","Zukunft",114,"B","der Familie.",0,0.58,1,1.4,1.1,6.8,"die","Zukunft","Sogleich prophezeite der Wahrsager, der die Kerze angezündet hatte, die"
"455","Zukunft",114,"C","der Familie.",0,0,1,6.7,3.9,1.5,"die","Zukunft","Sogleich würzte der Wahrsager, der die Kristallkugel befragt hatte, die"
"456","Zukunft",114,"D","der Familie.",0,0,1,1.4,1.1,1.5,"die","Zukunft","Sogleich würzte der Wahrsager, der die Kerze angezündet hatte, die"
"457","Ausgrabung",115,"A","in der Ruine.",0,0.92,0,6.6,5.3,3,"die","Ausgrabung","Heute beginnt der Archäologe, der die Schaufel hervorgeholt hat, die"
"458","Ausgrabung",115,"B","in der Ruine.",0,0.5,0,1.3,2.5,3,"die","Ausgrabung","Heute beginnt der Archäologe, der das Taxi genommen hat, die"
"459","Ausgrabung",115,"C","in der Ruine.",0,0,0,6.6,5.3,1.5,"die","Ausgrabung","Heute raspelt der Archäologe, der die Schaufel hervorgeholt hat, die"
"460","Ausgrabung",115,"D","in der Ruine.",0,0,0,1.3,2.5,1.5,"die","Ausgrabung","Heute raspelt der Archäologe, der das Taxi genommen hat, die"
"461","Strauß",116,"A","für die Hochzeit.",0,0.92,1,6.8,3.9,6.5,"den","Strauß","Zügig bindet der Florist, der die Rosen gezüchtet hat, den"
"462","Strauß",116,"B","für die Hochzeit.",0,0.92,1,2.6,1.6,6.5,"den","Strauß","Zügig bindet der Florist, der die Fenster geschlossen hat, den"
"463","Strauß",116,"C","für die Hochzeit.",0,0,1,6.8,3.9,1,"den","Strauß","Zügig ölt der Florist, der die Rosen gezüchtet hat, den"
"464","Strauß",116,"D","für die Hochzeit.",0,0,1,2.6,1.6,1,"den","Strauß","Zügig ölt der Florist, der die Fenster geschlossen hat, den"
"465","Rolle",117,"A","für das Theaterstück.",0,0.75,1,6.1,3.8,5.8,"die","Rolle","Umgehend spielt der Schauspieler, der das Skript auswendig gelernt hat, die"
"466","Rolle",117,"B","für das Theaterstück.",0,0.67,1,2.3,4.6,5.8,"die","Rolle","Umgehend spielt der Schauspieler, der die Torte gebacken hat, die"
"467","Rolle",117,"C","für das Theaterstück.",0,0,1,6.1,3.8,2.5,"die","Rolle","Umgehend schnibbelt der Schauspieler, der das Skript auswendig gelernt hat, die"
"468","Rolle",117,"D","für das Theaterstück.",0,0,1,2.3,4.6,2.5,"die","Rolle","Umgehend schnibbelt der Schauspieler, der die Torte gebacken hat, die"
"469","Sendung",118,"A","für den Fernsehkanal.",0,0.42,0,6.4,6.3,6.7,"die","Sendung","Am Abend moderiert der Moderator, der die Zuschauer unterhält, die"
"470","Sendung",118,"B","für den Fernsehkanal.",0,0.17,0,2,1.5,6.7,"die","Sendung","Am Abend moderiert der Moderator, der die Weltmeere bereist, die"
"471","Sendung",118,"C","für den Fernsehkanal.",0,0,0,6.4,6.3,3.7,"die","Sendung","Am Abend wiegt der Moderator, der die Zuschauer unterhält, die"
"472","Sendung",118,"D","für den Fernsehkanal.",0,0,0,2,1.5,3.7,"die","Sendung","Am Abend wiegt der Moderator, der die Weltmeere bereist, die"
"473","Stück",119,"A","für seine nächste Sonate.",0,0.25,0,4.8,4.1,6.9,"das","Stück","Ohne zu zögern komponierte der Musiker, der die Noten aufschrieb, das"
"474","Stück",119,"B","für seine nächste Sonate.",0,0.42,0,1.7,2.1,6.9,"das","Stück","Ohne zu zögern komponierte der Musiker, der die Fragen beantwortete, das"
"475","Stück",119,"C","für seine nächste Sonate.",0,0,0,4.8,4.1,4.2,"das","Stück","Ohne zu zögern grillte der Musiker, der die Noten aufschrieb, das"
"476","Stück",119,"D","für seine nächste Sonate.",0,0.08,0,1.7,2.1,4.2,"das","Stück","Ohne zu zögern grillte der Musiker, der die Fragen beantwortete, das"
"477","Bild",120,"A","in seinem Atelier.",2,0.58,1,6.6,2.3,7,"das","Bild","Fröhlich malte der Künstler, der die Leinwand aufgespannt hatte, das"
"478","Bild",120,"B","in seinem Atelier.",2,0.58,1,1.5,1.7,7,"das","Bild","Fröhlich malte der Künstler, der den Nachtisch zubereitet hatte, das"
"479","Bild",120,"C","in seinem Atelier.",2,0,1,6.6,2.3,2.2,"das","Bild","Fröhlich bewohnte der Künstler, der die Leinwand aufgespannt hatte, das"
"480","Bild",120,"D","in seinem Atelier.",2,0,1,1.5,1.7,2.2,"das","Bild","Fröhlich bewohnte der Künstler, der den Nachtisch zubereitet hatte, das"
