,Unnamed: 0,constraint,context,expected,within,between,unexpected,translated_context,translated_expected,translated_within,translated_between,longer_context,translated_unexpected,translated_longer_context
0,0,H,"""Checkmate,"" Rosaline announced with glee. She was getting to be really good at",chess,monopoly,football,gondola,"""Schakmat,"" kondigde Rosaline vrolijk aan. Ze begon er echt heel goed in te worden bij het spelen van",schaken,monopolie,voetbal,"The rain had been tapping at the windows all afternoon, turning the small living room into a cozy island of lamplight and quiet. Rosaline sat cross-legged on the rug, her brow furrowed in concentration as she studied the board between them. Across from her, her father leaned back in his chair, pretending to look confident while keeping an eye on her quick hands. The pieces clicked softly each time she moved, a rhythm she’d come to love over the past few weeks. She no longer asked what the knight did or mixed up diagonals and straight lines; now she made plans.",gondel,"De regen tikte de hele middag tegen de ramen en veranderde de kleine woonkamer in een knus eiland van lamplicht en stilte. Rosaline zat in kleermakerszit op het vloerkleed, haar voorhoofd gefronst van concentratie terwijl ze het bord tussen hen bestudeerde. Tegenover haar leunde haar vader achterover in zijn stoel, alsof hij zelfverzekerd was, maar ondertussen hield hij haar snelle handen scherp in de gaten. De stukken klikten zachtjes telkens als ze een zet deed, een ritme waar ze in de afgelopen weken van was gaan houden. Ze vroeg niet meer wat het paard deed of haalde diagonalen en rechte lijnen door elkaar; nu maakte ze plannen."
1,1,H,Justin put a second house on Park Place. He and his sister often spent hours playing,monopoly,chess,baseball,ferry,Justin zette een tweede huis op Park Place. Hij en zijn zus brachten vaak uren door met spelen,monopolie,schaken,honkbal,"The living room table was already crowded with snack bowls and neatly stacked game boxes when the rain started tapping at the windows. On Friday nights, Justin liked to keep things simple: no phones, no television, just a warm lamp and a board game spread out between him and his sister. They had played countless rounds over the years, developing their own rituals—sorting the money by color, arguing over who got the top hat, and insisting on strict rules about trading. Tonight, the dice seemed to favor Justin, and the property cards were lining up in a way that made him grin.",veerboot,"De salontafel stond al vol met schaaltjes snacks en netjes opgestapelde speldozen toen de regen tegen de ramen begon te tikken. Op vrijdagavond hield Justin het graag eenvoudig: geen telefoons, geen televisie, alleen een warme lamp en een bordspel tussen hem en zijn zus. Ze hadden door de jaren heen ontelbare rondes gespeeld en hun eigen rituelen ontwikkeld—geld op kleur sorteren, ruzie maken over wie de hoge hoed kreeg, en vasthouden aan strenge regels bij het ruilen. Vanavond leken de dobbelstenen Justin gunstig gezind, en de eigendomskarten lagen zo mooi dat hij moest glimlachen."
2,2,H,He caught the pass and scored another touchdown. There was nothing he enjoyed more than a good game of,football,baseball,monopoly,helicopter,Hij ving de pass en scoorde nog een touchdown. Er was niets waar hij meer van genoot dan een goed potje,voetbal,honkbal,monopolie,"The stadium lights glared against the night sky, and the air vibrated with the low roar of thousands of fans packed shoulder to shoulder in the bleachers. It was the fourth quarter, and the scoreboard showed a one-possession game with barely a minute left. Sweat ran beneath his shoulder pads as he jogged back to the huddle, listening to the quarterback call the play. His cleats dug into the turf while the defense shifted, trying to anticipate the snap. He took a steadying breath, fixed his eyes on the cornerback across from him, and waited for the ball.",helikopter,"De stadionlichten priemden in de nachtelijke hemel en de lucht trilde van het lage gebrul van duizenden fans, schouder aan schouder opeengepakt op de tribunes. Het was het vierde kwart en het scorebord liet een wedstrijd van één balbezit zien, met nog nauwelijks een minuut te spelen. Zweet liep onder zijn schouderpads door terwijl hij terugjogde naar de huddle en luisterde naar de quarterback die de play afriep. Zijn noppen beten zich in het kunstgras terwijl de verdediging verschoof, proberend de snap te voorspellen. Hij haalde rustig adem, richtte zijn blik op de cornerback tegenover hem en wachtte op de bal."
3,3,H,Rich couldn't count the number of Yankees games he had seen with his father. They both shared a lifelong interest in,baseball,football,chess,plane,Rich kon het aantal Yankees-wedstrijden dat hij samen met zijn vader had gezien niet tellen. Ze deelden allebei een levenslange interesse in,honkbal,voetbal,schaken,"The old ticket stubs were still tucked into a shoebox in Rich’s closet, their edges curled and faded from years of handling. Whenever life felt too fast, he would take them out and let each date and seat number pull him back to the Bronx: the smell of hot dogs, the echo of the crowd under the lights, the hum of the subway after a late inning. His father never talked much on the walk to the stadium, but once the first pitch was thrown, he came alive, explaining counts and matchups like they mattered more than anything else. In those moments, Rich felt certain they were speaking the same language.",vliegtuig,"De oude toegangsbewijzen zaten nog steeds weggestopt in een schoenendoos in Rich’ kast, met omgekrulde randen en vaal geworden door jaren van vasthouden. Als het leven te snel ging, haalde hij ze tevoorschijn en liet elke datum en elk stoelnummer hem terugvoeren naar de Bronx: de geur van hotdogs, het galmen van de menigte onder de schijnwerpers, het gezoem van de metro na een late inning. Zijn vader zei onderweg zelden iets, maar zodra de eerste worp kwam, leefde hij op en legde standen en match-ups uit alsof het nergens anders om ging. Dan wist Rich zeker dat ze dezelfde taal spraken."
4,4,L,"She felt that she couldn't leave Venice without the experience. It might be a touristy thing to do, but she wanted to ride in a",gondola,ferry,helicopter,toast,"Ze had het gevoel dat ze Venetië niet kon verlaten zonder die ervaring. Het is misschien iets toeristisch om te doen, maar ze wilde in een rijden in een",gondel,veerboot,helikopter,"The afternoon light turned the canals into ribbons of molten gold, and Venice seemed to breathe in slow, salt-sweet pulses around her. She wandered without urgency, letting alleys narrow and then open onto small campos where laundry fluttered like flags. Every bridge offered another postcard view—arched windows, peeling paint, the distant echo of footsteps on stone. She paused to watch a gondolier steer with effortless precision, his oar dipping and lifting as if conducting the water. The city felt both theatrical and intimate, and she knew her time here was slipping away too quickly.",toast,"Het namiddaglicht veranderde de kanalen in linten van gesmolten goud, en Venetië leek om haar heen te ademen in trage, zoutzoete pulsen. Ze dwaalde zonder haast, liet steegjes zich versmallen en vervolgens uitkomen op kleine campi waar wasgoed wapperde als vlaggen. Elke brug bood weer een ansichtkaartbeeld: boogvensters, afbladderende verf, de verre echo van voetstappen op steen. Ze bleef staan om een gondelier te zien sturen met moeiteloze precisie, zijn riem dompelde en hief alsof hij het water dirigeerde. De stad voelde tegelijk theatraal en intiem, en ze wist dat haar tijd hier veel te snel wegglipte."
5,5,L,Getting both himself and his car to work on the neighboring island was time-consuming. Every morning he drove for a few minutes and then boarded the,ferry,gondola,plane,bagel,Het kostte veel tijd om zowel zichzelf als zijn auto naar zijn werk op het naburige eiland te krijgen. Elke ochtend reed hij een paar minuten en ging daarna aan boord van de,veerboot,gondel,vliegtuig,"Since taking the new job across the channel, he’d had to reorganize his entire routine around the water. His apartment was affordable, but it sat on the wrong side of the strait, and moving closer wasn’t an option with rent climbing every month. He tried leaving the car behind and relying on buses, yet the routes didn’t line up with his shifts and the late-night return trips felt unsafe. Packing tools and paperwork into a backpack only helped so much; some days he needed supplies that wouldn’t fit. By the time sunrise colored the harbor, he was already watching the clock.",bagel,"Sinds hij de nieuwe baan aan de overkant van het kanaal had aangenomen, moest hij zijn hele routine opnieuw inrichten rond het water. Zijn appartement was betaalbaar, maar lag aan de verkeerde kant van de zeestraat, en dichterbij verhuizen was geen optie nu de huur elke maand stijgt. Hij probeerde de auto te laten staan en op bussen te vertrouwen, maar de lijnen sloten niet aan op zijn diensten en de late ritten terug voelden onveilig. Gereedschap en papieren in een rugzak helpen maar beperkt; sommige dagen had hij spullen nodig die niet pasten. Tegen zonsopgang hield hij de tijd al in de gaten."
6,6,L,The patient was in critical condition and the ambulance wouldn't be fast enough. They decided they would have to use the,helicopter,plane,ferry,cake,De patiënt verkeerde in kritieke toestand en de ambulance zou niet snel genoeg zijn. Ze besloten dat ze de moesten gebruiken,helikopter,vliegtuig,veerboot,"Rain hammered the windows of the rural clinic as the power flickered and the generator groaned to life. Dr. Singh checked the monitor again, watching the numbers slip despite every medication they could safely give. The nearest trauma center was over a hundred miles away, and the narrow mountain roads were already clogged by a chain-reaction crash that had shut the highway down. A nurse held pressure on the wound while another read out the latest vitals, voice tight with urgency. Outside, the radio crackled with dispatch updates, each one worse than the last. Dr. Singh weighed the options, jaw set, and reached for the emergency transport protocol.",taart,"De regen beukte tegen de ramen van de plattelandskliniek terwijl de stroom haperde en de generator kreunend aansloeg. Dr. Singh controleerde opnieuw de monitor en zag de waarden dalen, ondanks alle medicatie die ze veilig konden toedienen. Het dichtstbijzijnde traumacentrum lag meer dan honderd mijl verderop, en de smalle bergwegen zaten al verstopt door een kettingbotsing die de snelweg had afgesloten. Een verpleegkundige hield druk op de wond, terwijl een ander de nieuwste vitale waarden voorlas, met een stem gespannen van urgentie. Buiten kraakte de radio met meldkamerupdates, telkens erger. Dr. Singh wikte de opties, kaken strak, en greep naar het protocol voor spoedtransport."
7,7,L,"Amy was very anxious about traveling abroad for the first time. She felt surprisingly better, however, when she actually boarded the",plane,helicopter,gondola,cookies,Amy was erg nerveus over haar eerste reis naar het buitenland. Ze voelde zich echter verrassend veel beter toen ze daadwerkelijk aan boord ging van de,vliegtuig,helikopter,gondel,"Ever since she bought the ticket, Amy had been counting down the days with a knot in her stomach. Friends told her it would be exciting, but she kept imagining missed connections, confusing signs in another language, and the embarrassment of not knowing what to do. In the week before departure she double-checked her passport, reread the airline emails, and watched videos about airport security, hoping to feel prepared. Even the drive to the terminal felt unreal, as if she were walking into a test she hadn’t studied for. By the time she reached the gate, her hands were cold and her thoughts were racing.",koekjes,"Sinds ze het ticket had gekocht, telde Amy de dagen af met een knoop in haar maag. Vrienden zeiden dat het spannend zou worden, maar zij stelde zich telkens gemiste aansluitingen voor, verwarrende borden in een andere taal en de schaamte dat ze niet wist wat ze moest doen. In de week voor vertrek controleerde ze haar paspoort dubbel, las ze de e-mails van de luchtvaartmaatschappij opnieuw en keek ze video’s over de veiligheidscontrole op de luchthaven, in de hoop zich beter voorbereid te voelen. Zelfs de rit naar de terminal voelde onwerkelijk, alsof ze een toets in liep waarvoor ze niet had geleerd. Toen ze bij de gate aankwam, waren haar handen koud en raasden haar gedachten."
8,8,L,"The day before the wedding, the kitchen was just covered with frosting. Annette's sister was responsible for making the",cake,cookies,toast,lipstick,De dag voor de bruiloft was de keuken helemaal bedekt met glazuur. Annette's zus was verantwoordelijk voor het maken van de,taart,koekjes,toast,"Annette had planned every detail of the small backyard ceremony herself, from the wildflower bouquets to the borrowed string lights draped along the fence. Still, nothing made her as nervous as the dessert table, because her family had insisted on a homemade cake the way their mother used to do it. She tried to keep everyone organized, but relatives kept drifting in and out, offering advice and stealing tastes. By late afternoon, mixing bowls crowded the counters, and the air smelled like vanilla and butter. Annette hovered in the doorway, bracing herself for whatever chaos came next.",lippenstift,"Annette had elk detail van de kleine ceremonie in de achtertuin zelf gepland, van de veldboeketten tot de geleende lichtslingers die langs het hek hingen. Toch maakte niets haar zo zenuwachtig als de desserttafel, omdat haar familie had aangedrongen op een zelfgemaakte taart, zoals hun moeder die vroeger bakte. Ze probeerde iedereen georganiseerd te houden, maar familieleden bleven komen en gaan, gaven advies en snoepten stiekem van het beslag. Tegen het einde van de middag stonden er overal mengkommen op het aanrecht en rook het naar vanille en boter. Annette bleef in de deuropening staan, schrap voor de volgende chaos."
9,9,H,The little girl was happy that Santa Claus left nothing but crumbs on the plate. She decided he must have really enjoyed the,cookies,cake,bagel,mascara,"Het kleine meisje was blij dat de Kerstman niets anders dan kruimels op het bord had achtergelaten. Ze besloot dat hij het echt heel lekker gevonden moest hebben, de",koekjes,taart,bagel,"All December, she had been counting down the days by opening the tiny doors on her advent calendar and circling Christmas Eve in red marker. After dinner, she helped her mother arrange a careful holiday display: a glass of milk set beside a plate of warm chocolate chip cookies, with a carrot laid neatly for the reindeer. Before heading upstairs, she sprinkled a bit of glitter on the hearth to look like snow and wrote a note in her best handwriting, reminding Santa where to find the treats. She fell asleep imagining footsteps on the roof and a jolly laugh drifting through the dark.",mascara,"De hele maand december had ze de dagen afgeteld door de kleine deurtjes van haar adventskalender te openen en kerstavond met een rode stift te omcirkelen. Na het eten hielp ze haar moeder een zorgvuldig kersttafereel klaar te zetten: een glas melk naast een bord met warme chocolatechipkoekjes, met een wortel netjes voor de rendieren. Voor ze naar boven ging, strooide ze een beetje glitter op de haard alsof het sneeuw was en schreef ze een briefje in haar netste handschrift, om de Kerstman eraan te herinneren waar hij de lekkernijen kon vinden. Ze viel in slaap terwijl ze voetstappen op het dak en een vrolijke lach in het donker voor zich zag."
10,10,H,Chris moped around all morning when he discovered there was no cream cheese. He complained that without it he couldn't eat his,bagel,toast,cake,necklace,Chris liep de hele ochtend te mokken toen hij ontdekte dat er geen roomkaas was. Hij klaagde dat hij zonder dat zijn niet kon eten,bagel,toast,taart,"The Saturday had started with the kind of quiet routine Chris depended on. He woke up later than usual, shuffled into the kitchen in sweatpants, and put on a pot of coffee while the apartment still felt half asleep. There was a simple comfort in doing the same small things every weekend: toast the bagel, smear it generously, and eat at the counter while skimming headlines. He hadn’t planned a full grocery run, just enough to get through the morning. With the coffee brewed and the bagel warming, he opened the refrigerator, already imagining the familiar tang on his first bite.",halsketting,"De zaterdag begon met de stille routine waar Chris op vertrouwde. Hij werd later wakker dan normaal, slofte in een joggingbroek naar de keuken en zette koffie terwijl het appartement nog half sliep. Er school een eenvoudig soort troost in elke week dezelfde kleine dingen doen: een bagel roosteren, er royaal iets op smeren en aan het aanrecht eten terwijl hij vluchtig de krantenkoppen bekeek. Hij had geen volledige boodschappenronde gepland, alleen genoeg om de ochtend door te komen. Toen de koffie pruttelde en de bagel warmde, deed hij de koelkast open en stelde hij zich al de bekende, frisse smaak bij de eerste hap voor."
11,11,H,"He wanted to make his wife breakfast, but he burned piece after piece. I couldn't believe he was ruining even the",toast,bagel,cookies,earring,"Hij wilde zijn vrouw ontbijt maken, maar hij verbrandde stuk na stuk. Ik kon niet geloven dat hij zelfs de aan het verpesten was",toast,bagel,koekjes,"The kitchen smelled like yesterday’s coffee and the faint sweetness of orange peels left on the counter. He’d been up before dawn, moving quietly so he wouldn’t wake her, determined to surprise her on their anniversary. I sat at the table with a mug warming my hands, watching him consult a recipe card as if it were an exam. He kept adjusting the burner, frowning, then trying again with the anxious patience of someone who needed this to go right. Each time the pan hissed too loudly or the timer beeped too late, his shoulders tightened, and he reached for another slice.",oorbel,"De keuken rook naar de koffie van gisteren en naar de vage zoetheid van sinaasappelschillen die op het aanrecht waren blijven liggen. Hij was nog voor zonsopgang opgestaan en bewoog zich geruisloos, zodat hij haar niet wakker zou maken, vastbesloten om haar op hun verjaardag te verrassen. Ik zat aan tafel met een mok die mijn handen verwarmde en keek hoe hij een receptkaart raadpleegde alsof het een examen was. Steeds weer stelde hij het vuur bij, fronsend, en probeerde het opnieuw met de nerveuze geduldigheid van iemand voor wie dit móést slagen. Telkens als de pan te hard siste of de timer te laat piepte, spanden zijn schouders zich, en greep hij naar nog een plak."
12,12,H,I guess his girlfriend really encouraged him to get it pierced. But his father sure blew up when he came home wearing that,earring,necklace,lipstick,spoon,Ik denk dat zijn vriendin hem echt heeft aangemoedigd om het te laten piercen. Maar zijn vader ontplofte toen hij thuiskwam met die,oorbel,ketting,lippenstift,"When we were hanging out after practice, Evan kept fiddling with his left ear like it was already different. He’d been scrolling through photos of musicians, talking about how a small stud could make him look older, more confident. I laughed and told him it wasn’t a big deal, but he kept asking if it would suit him. He’d never done anything that bold before, and the idea of showing up to family dinner with a new look made him nervous. Still, he said he was tired of playing it safe and wanted to surprise everyone.",lepel,"Toen we na de training nog wat bleven hangen, zat Evan steeds aan zijn linkeroor te frunniken alsof het al anders was. Hij scrolde door foto’s van muzikanten en vertelde dat een klein knopje hem ouder en zelfverzekerder kon laten lijken. Ik lachte en zei dat het niet zo’n big deal was, maar hij bleef vragen of het hem zou staan. Hij had nooit eerder iets zo gewaagds gedaan, en het idee om met een nieuwe look bij het familiediner te verschijnen maakte hem nerveus. Toch zei hij dat hij klaar was met op veilig spelen en iedereen wilde verrassen."
13,13,L,She keeps twirling it around and around under her collar. Stephanie seems really happy that Dan gave her that,necklace,earring,mascara,knife,Ze blijft het maar onder haar kraag ronddraaien. Stephanie lijkt heel blij dat Dan haar die,ketting,oorbel,mascara,"The cafeteria was unusually loud that day, but Stephanie hardly noticed. She sat at the edge of the table with her tray untouched, shoulders slightly hunched as if she were guarding a secret. Dan had slipped her a small gift before first period, muttering that it wasn’t a big deal, yet his ears had turned bright red. Now she kept glancing down at her chest, smiling to herself, then looking away whenever someone met her eyes. Even when the bell rang and everyone began to gather their things, she stayed seated, fingers drifting to the chain as if to reassure herself it was real.",mes,"De kantine was die dag ongewoon luid, maar Stephanie merkte het nauwelijks. Ze zat aan de rand van de tafel met haar dienblad onaangeroerd, schouders licht gebogen alsof ze een geheim bewaakte. Dan had haar vóór het eerste uur een klein cadeautje toegestopt, mompelend dat het niets voorstelde, maar zijn oren waren vuurrood geworden. Nu keek ze steeds naar haar borst, glimlachte in zichzelf en keek snel weg zodra iemand haar aankeek. Zelfs toen de bel ging en iedereen zijn spullen pakte, bleef ze zitten, haar vingers zoekend naar het kettinkje alsof ze zichzelf wilde verzekeren dat het echt was."
14,14,H,She wanted to make her eyelashes look really black and thick. So she asked to borrow her older friend's,mascara,lipstick,necklace,bowl,Ze wilde dat haar wimpers er heel zwart en dik uitzagen. Daarom vroeg ze of ze de van haar oudere vriendin mocht lenen,mascara,lippenstift,ketting,"Getting ready for the school dance, she lingered in front of the bathroom mirror longer than usual, studying her reflection under the harsh overhead light. Her outfit was finally perfect, but her face still looked plain, and she worried her eyes didn’t stand out the way she wanted. She tried a little eyeliner, then wiped it off, afraid it made her look too dramatic. Digging through her small makeup bag, she found only a clear lip gloss and a dried-up tube she hadn’t used in months. With time running short and her confidence slipping, she remembered her older friend always seemed to have flawless makeup.",kom,"Terwijl ze zich klaarmaakte voor het schoolbal, bleef ze langer dan normaal voor de badkamerspiegel staan en bestudeerde ze haar spiegelbeeld onder het felle plafondlicht. Haar outfit was eindelijk perfect, maar haar gezicht zag er nog steeds wat gewoontjes uit, en ze was bang dat haar ogen niet genoeg opvielen zoals ze wilde. Ze probeerde een beetje eyeliner, maar veegde het weer weg, bang dat het te dramatisch stond. Terwijl ze in haar kleine make-uptasje rommelde, vond ze alleen een doorzichtige lipgloss en een uitgedroogd tubetje dat ze al maanden niet had gebruikt. Met de tijd die begon te dringen en haar zelfvertrouwen dat wegzakte, dacht ze aan haar oudere vriendin met altijd vlekkeloze make-up."
15,15,H,"He complained that after she kissed him, he couldn't get the red color off his face. He finally just asked her to stop wearing that",lipstick,mascara,earring,cup,"Hij klaagde dat hij, nadat ze hem had gekust, de rode kleur niet van zijn gezicht kreeg. Uiteindelijk vroeg hij haar gewoon om te stoppen met het dragen van dat",lippenstift,mascara,oorbel,"They’d been seeing each other for only a few weeks, long enough to learn each other’s routines but not yet the small surprises. Tonight she picked him up after work and they grabbed a late dinner at a quiet café, talking over shared fries and people-watching through the window. He tried to keep the mood light, but he kept wiping at his mouth with a napkin as if something were stuck there. When she leaned across the table to kiss him goodbye, he stiffened, then laughed awkwardly, glancing at his reflection in the dark glass. On the ride home, he kept rubbing his cheek and chin, growing more self-conscious with each stoplight.",kop,"Ze hadden elkaar pas een paar weken, lang genoeg om elkaars routines te leren kennen, maar nog niet de kleine verrassingen. Vanavond haalde ze hem na het werk op en ze aten laat in een rustig café, pratend boven gedeelde friet en mensen kijkend door het raam. Hij probeerde de sfeer luchtig te houden, maar hij bleef met een servet aan zijn mond vegen alsof er iets vastzat. Toen ze over de tafel leunde om hem gedag te kussen, verstijfde hij en lachte toen ongemakkelijk, terwijl hij naar zijn spiegelbeeld in het donkere glas keek. Op weg naar huis bleef hij over zijn wang en kin wrijven, steeds zelfbewuster bij elk stoplicht."
16,16,L,Eleanor offered to her visitor some coffee. Then she realized she didn't have a clean,cup,bowl,spoon,panda,Eleanor bood haar bezoeker wat koffie aan. Toen realiseerde ze zich dat ze geen schone had,kop,kom,lepel,"The late-afternoon light slanted through the kitchen blinds, striping the counter with warm bars of gold. Eleanor had been halfway through sorting unopened mail when the doorbell rang, unexpected and insistent. On the porch stood a stranger in a rain-damp coat, polite but clearly needing a moment out of the weather. She ushered them in, apologizing for the clutter and the half-finished chores, and listened as they introduced themselves and explained they had come with a question about the neighborhood. Wanting to ease the awkwardness, Eleanor led them toward the kitchen, searching for something simple to offer.",panda,"Het late namiddaglicht viel schuin door de jaloezieën van de keuken en trok warme gouden strepen over het aanrecht. Eleanor was halverwege met het sorteren van ongeopende post toen de deurbel ging, onverwacht en aanhoudend. Op de veranda stond een onbekende in een door de regen vochtig geworden jas, beleefd maar duidelijk toe aan een ogenblik uit het weer. Ze liet hen binnen, verontschuldigde zich voor de rommel en de half afgemaakte klusjes, en luisterde terwijl ze zich voorstelden en uitlegden dat ze met een vraag over de buurt kwamen. Om de ongemakkelijkheid te verzachten, leidde Eleanor hen naar de keuken, op zoek naar iets eenvoudigs om aan te bieden."
17,17,L,"My aunt fixed my brother some cereal using her best china. Of course, the first thing he did was drop the",bowl,cup,knife,polar bear,Mijn tante maakte voor mijn broer wat ontbijtgranen klaar in haar mooiste porselein. Natuurlijk was het eerste wat hij deed de laten vallen,kom,kop,mes,"Sunday mornings at my aunt’s house always felt a little too quiet, the kind of quiet that makes you notice every creak in the floorboards. She loved doing things “properly,” even when no one asked her to. The dining room table was set as if guests might arrive at any moment, and she hovered over the kitchen like a careful conductor. My brother and I had been up since dawn, restless and hungry after sleeping on the lumpy pull-out couch. I offered to pour us something quick, but she insisted on handling breakfast herself, smiling as she opened the glass-front cabinet.",ijsbeer,"Zondagochtenden bij mijn tante thuis voelden altijd net iets té stil, zo’n stilte waardoor je elke kraak in de vloerplanken hoort. Ze hield ervan alles “zoals het hoort” te doen, ook als niemand haar erom vroeg. De eettafel stond gedekt alsof er elk moment gasten konden binnenlopen, en ze waakte over de keuken als een zorgvuldige dirigent. Mijn broer en ik waren al sinds zonsopgang wakker, rusteloos en hongerig na een nacht op de hobbelige slaapbank. Ik bood aan snel iets in te schenken, maar ze stond erop het ontbijt zelf te regelen, glimlachend terwijl ze de kast met glazen deur opende."
18,18,H,"At the dinner party, I wondered why my mother wasn't eating her soup. Then I noticed that she didn't have a",spoon,knife,bowl,lion,Tijdens het etentje vroeg ik me af waarom mijn moeder haar soep niet at. Toen merkte ik dat ze geen,lepel,mes,kom,"The dining room glowed with warm candlelight, and the table was crowded with dishes that looked far more elegant than anything we ate at home. My mother sat beside me, smiling politely as relatives and neighbors traded stories across the clink of glasses. I tried to focus on the conversation, but I kept glancing her way. She had been quiet all evening, folding her napkin again and again, as if smoothing out invisible wrinkles. The bowls of soup were served, fragrant and steaming, and everyone leaned in with practiced ease. My mother adjusted her chair and looked down at the place setting.",leeuw,"De eetkamer baadde in warm kaarslicht en de tafel stond vol met schotels die veel eleganter leken dan alles wat we thuis aten. Mijn moeder zat naast me en glimlachte beleefd terwijl familie en buren verhalen uitwisselden tussen het geklink van glazen. Ik probeerde me op het gesprek te concentreren, maar ik keek steeds haar kant op. Ze was de hele avond stil geweest en vouwde haar servet telkens opnieuw, alsof ze onzichtbare kreukels gladstreek. Toen de kommen soep werden opgediend, geurig en dampend, boog iedereen zich voorover met geoefend gemak. Mijn moeder schoof haar stoel bij en keek omlaag naar het bestek."
19,19,L,"In the dorms, cutting your steak can be a huge struggle. They always give you such a poor quality",knife,spoon,cup,tiger,Op de slaapzalen kan het snijden van je biefstuk een enorme worsteling zijn. Ze geven je altijd zo’n slechte kwaliteit,mes,lepel,kop,"Living away from home for the first time comes with a thousand little surprises, and most of them show up at mealtimes. The cafeteria food is passable, but everything else feels improvised—plastic cups, wobbly plates, and utensils that look like they’ve survived a decade of late-night raids. You learn quickly that convenience is the rule: grab a tray, find a seat, and make do with whatever’s on offer. Even when you try to cook in the communal kitchen, the tools are mismatched and dull from overuse. Dinner shouldn’t feel like a test of endurance, but somehow it does.",tijger,"Voor het eerst niet thuis wonen brengt duizend kleine verrassingen met zich mee, en de meeste duiken op tijdens het eten. Het cafetaria-eten is best te doen, maar de rest voelt geïmproviseerd: plastic bekers, wiebelige borden en bestek dat eruitziet alsof het een decennium aan nachtelijke rooftochten heeft overleefd. Je leert snel dat gemak de regel is: pak een dienblad, zoek een plek en red je met wat er wordt aangeboden. Zelfs als je in de gemeenschappelijke keuken probeert te koken, zijn de spullen een ratjetoe en bot van overmatig gebruik. Avondeten zou geen uithoudingsproef moeten zijn, maar toch is het dat."
20,20,H,"He journeyed to the African plains, hoping to get a photograph of the king of the beasts. Unfortunately, the whole time he was there he never saw a",lion,tiger,panda,shorts,"Hij reisde naar de Afrikaanse vlakten, in de hoop een foto te maken van de koning der dieren. Helaas zag hij gedurende de hele tijd dat hij daar was nooit een",leeuw,tijger,panda,"For years, he had admired the untamed beauty of wildlife from the safety of books and documentaries, but the screen no longer felt like enough. He spent months saving money, researching migrations, and poring over maps of remote reserves where big cats were rumored to roam. His camera bag grew heavier with new lenses, spare batteries, and a tripod sturdy enough to handle rough terrain. Friends warned him that nature followed no schedule, yet he pictured a perfect shot waiting somewhere beyond the horizon. At last, with permits secured and expectations high, he boarded a small plane toward the savanna.",,"Jarenlang had hij de ongetemde schoonheid van wilde dieren bewonderd vanuit de veiligheid van boeken en documentaires, maar het scherm voelde niet langer voldoende. Hij spaarde maandenlang geld, onderzocht migraties en bestudeerde kaarten van afgelegen reservaten waar volgens geruchten grote katten rondzwierven. Zijn cameratas werd zwaarder door nieuwe lenzen, extra batterijen en een statief dat stevig genoeg was voor ruig terrein. Vrienden waarschuwden hem dat de natuur geen schema volgt, maar hij zag een perfecte foto ergens voorbij de horizon. Eindelijk, met vergunningen op zak en hoge verwachtingen, stapte hij in een klein vliegtuig richting de savanne."
21,21,L,George was hiking in India when he saw the orange and black striped animal leap out at him. He sustained serious injuries before he managed to kill the,tiger,lion,polar bear,jeans,George was aan het wandelen in India toen hij het oranje- en zwartgestreepte dier hem tegemoet zag springen. Hij liep ernstige verwondingen op voordat het hem lukte de te doden,tijger,leeuw,ijsbeer,"George had come to northern India on a long-delayed sabbatical, hoping to clear his head with days of solitary hiking through forested foothills and remote villages. Locals warned him to stay on the main trails and avoid walking at dawn, but the heat drove him to start early anyway. He carried only a small pack, a battered map, and a cheap knife he’d bought in town, trusting that common sense would be enough. That morning the jungle felt unusually quiet, the birds gone and the undergrowth still. When he rounded a bend near a dry streambed, the brush ahead suddenly trembled.",spijkerbroek,"George was naar Noord-India gekomen voor een lang uitgestelde sabbatical, in de hoop zijn hoofd leeg te maken met dagen van eenzame tochten door beboste uitlopers en afgelegen dorpen. De lokale bevolking waarschuwde hem op de hoofdpaden te blijven en niet bij zonsopgang te lopen, maar door de hitte vertrok hij toch vroeg. Hij droeg alleen een kleine rugzak, een gehavende kaart en een goedkoop mes dat hij in de stad had gekocht, erop vertrouwend dat gezond verstand genoeg zou zijn. Die ochtend voelde de jungle ongewoon stil: geen vogels, geen ritseling. Toen hij een bocht nam bij een droge rivierbedding, trilde het struikgewas voor hem plotseling."
22,22,H,"Hitting the huge animal with a tranquilizer dart was difficult in the Arctic winds. Eventually, however, they were able to approach and tag the",polar bear,panda,lion,sandals,Het was moeilijk om het enorme dier met een verdovingspijl te raken in de Arctische wind. Uiteindelijk konden ze het dier echter benaderen en de markering aanbrengen op de,ijsbeer,panda,leeuw,"The research team had been tracking the bear for hours across the sea ice, following fresh paw prints that wove between pressure ridges and scattered snowdrifts. Satellite data suggested this adult male had wandered far from its usual range, and the biologists needed to confirm its identity and health before the melt season intensified. They kept their distance, watching through binoculars as it paused to sniff the air and scrape at a seal hole. Time was running short; the light was fading, and the weather was turning unpredictable, making every movement slow and deliberate.",sandalen,"Het onderzoeksteam volgde de beer al uren over het zee-ijs, achter verse pootafdrukken aan die tussen drukruggen en verspreide sneeuwduinen door slingerden. Satellietgegevens wezen erop dat dit volwassen mannetje ver van zijn gebruikelijke leefgebied was afgedwaald, en de biologen moesten zijn identiteit en gezondheid bevestigen voordat het smeltseizoen heviger werd. Ze hielden afstand en keken door verrekijkers toe terwijl hij even stopte om aan de lucht te snuiven en aan een zeehondenwak te krabben. De tijd drong: het licht nam af en het weer werd onvoorspelbaar, waardoor elke beweging traag en weloverwogen moest zijn."
23,23,L,Wendy wondered how they had managed to ship such a large animal all the way from China. She waited in line to see the newly acquired,panda,polar bear,tiger,boots,Wendy vroeg zich af hoe ze erin geslaagd waren om zo’n groot dier helemaal vanuit China te verschepen. Ze stond in de rij om het pas verworven te zien,panda,ijsbeer,tijger,"The zoo had been buzzing for weeks with rumors about a special arrival, but no one outside the staff seemed to know exactly what it was. Posters went up around town announcing an exhibit opening at noon, and by dawn a crowd was already clustering near the main gates. Vendors set up carts along the sidewalk, selling paper fans and black-and-white balloons to children tugging at their parents’ sleeves. Wendy joined her friends on the bus, listening to excited chatter and trying to imagine what could be worth all this commotion. When they finally reached the entrance, a long line curled past the ticket booth and into the plaza.",laarzen,"De dierentuin gonste al weken van geruchten over een bijzondere aankomst, maar niemand buiten het personeel leek precies te weten wat het was. In de hele stad verschenen posters die een nieuwe tentoonstelling aankondigden, met opening om twaalf uur, en nog voor zonsopgang verzamelde zich al een menigte bij de hoofdingang. Verkopers zetten karren langs de stoep neer en verkochten papieren waaiers en zwart-witte ballonnen aan kinderen die aan de mouwen van hun ouders trokken. Wendy stapte met haar vrienden in de bus, luisterde naar opgewonden geklets en probeerde zich voor te stellen wat al die drukte waard kon zijn. Bij aankomst slingerde de rij langs het loket tot op het plein."
24,24,H,"Barb loved the feel of the waves on her feet, but she hated to walk barefoot. As a compromise, she usually wore a pair of",sandals,boots,shorts,rake,"Barb hield van het gevoel van de golven op haar voeten, maar ze haatte het om op blote voeten te lopen. Als compromis droeg ze meestal een paar",sandalen,laarzen,,"The boardwalk was already crowded when Barb arrived at the beach, the air thick with salt and sunscreen. She carried a towel under one arm and her shoes in the other, pausing where the planks gave way to soft sand. Children shrieked as they chased each other toward the water, and gulls wheeled overhead, crying for dropped snacks. Barb watched the tide roll in, smooth and insistent, tugging at the shoreline like it was calling her by name. She wanted to get close without feeling exposed or uncomfortable, weighing the small freedoms summer demanded against the habits she couldn’t shake.",hark,"De houten promenade was al druk toen Barb op het strand aankwam, de lucht zwaar van zout en zonnebrand. Ze droeg een handdoek onder haar ene arm en haar schoenen in de andere, en bleef even staan waar de planken overgingen in zacht zand. Kinderen gilden terwijl ze elkaar achterna zaten richting het water, en meeuwen cirkelden boven haar hoofd, krijsend om gevallen snacks. Barb keek hoe het tij binnenrolde, glad en onverbiddelijk, aan de kustlijn trekkend alsof het haar bij naam riep. Ze wilde dichtbij komen zonder zich bloot of ongemakkelijk te voelen, en woog de kleine vrijheden van de zomer af tegen gewoontes die ze niet kon afschudden."
25,25,L,"By the end of the day, the hiker's feet were extremely cold and wet. It was the last time he would ever buy a cheap pair of",boots,sandals,jeans,shovel,Aan het einde van de dag waren de voeten van de wandelaar extreem koud en nat. Het was de laatste keer dat hij ooit een goedkoop paar zou kopen van,laarzen,sandalen,spijkerbroek,"The trail had looked easy on the map, a simple loop through the foothills with a stream crossing or two and plenty of time to return before dusk. He’d grabbed the bargain boots on sale that morning, telling himself they would be fine for a single hike. At first, the path was dry and the air crisp, but the weather shifted quickly. A steady rain soaked the ground, turning dirt into slick mud that clung to his soles. When he stepped into the first shallow creek, water seeped in around the stitching and never left.",schep,"Het pad had er op de kaart eenvoudig uitgezien: een simpele lus door de uitlopers van de heuvels, met één of twee beekoversteken en genoeg tijd om voor zonsondergang terug te zijn. Die ochtend had hij de afgeprijsde laarzen in de aanbieding gekocht en zichzelf wijsgemaakt dat ze prima zouden zijn voor één wandeling. Eerst was het pad droog en de lucht fris, maar het weer sloeg snel om. Een aanhoudende regen doorweekte de grond en veranderde het zand in glibberige modder die aan zijn zolen kleefde. Toen hij in het eerste ondiepe beekje stapte, sijpelde water langs de naden naar binnen en ging nooit meer weg."
26,26,H,Everyone agreed that the stone-washed kind were out of style. But he continued to wear the same old pair of,jeans,shorts,sandals,saw,Iedereen was het erover eens dat de stonewashed exemplaren uit de mode waren. Maar hij bleef hetzelfde oude paar dragen van,spijkerbroek,,sandalen,"At the back of the thrift shop, under the flicker of a tired fluorescent light, he stood turning denim over in his hands as if it held some private memory. He had come with friends after class, more out of obligation than interest, and listened while they debated cuts, brands, and what would photograph well. The clerk, chewing gum, offered a knowing look as the others paraded new finds toward the mirror. He barely glanced up. Fashion always seemed to him like a language spoken too quickly, full of rules that changed overnight. For him, comfort wasn’t laziness; it was loyalty.",zaag,"Achter in de kringloopwinkel, onder het flikkeren van een vermoeide tl-lamp, stond hij spijkerstof in zijn handen om te draaien alsof die een persoonlijke herinnering bevatte. Hij was na de les met vrienden meegekomen, meer uit verplichting dan uit interesse, en luisterde terwijl zij discussieerden over snitten, merken en wat goed op de foto zou staan. De medewerker, kauwgom kauwend, wierp een veelbetekenende blik toen de anderen met nieuwe vondsten naar de spiegel paradeerden. Hij keek nauwelijks op. Mode leek hem altijd een taal die te snel werd gesproken, vol regels die van de ene op de andere dag veranderen. Voor hem was comfort geen luiheid; het was trouw."
27,27,L,"As the afternoon progressed, it became hotter and hotter. Keith finally decided to put on a pair of",shorts,jeans,boots,hammer,"Naarmate de namiddag vorderde, werd het steeds heter en heter. Keith besloot uiteindelijk om een paar aan te trekken van",shorts,spijkerbroek,laarzen,"The day had started pleasantly enough, with a thin veil of clouds keeping the sun from feeling too harsh. Keith spent the morning running errands across town, unloading groceries, and sorting through boxes in the garage. By noon the sky had cleared, and the still air trapped the warmth against the pavement and the siding of the house. He tried to ignore it at first, sipping water and pushing through the last few tasks, but sweat kept gathering at his collar and sticking his shirt to his back. Even indoors, the rooms felt close and stifling.",hamer,"De dag was aangenaam begonnen, met een dunne sluier wolken die de zon minder fel maakte. Keith bracht de ochtend door met boodschappen en klusjes aan de andere kant van de stad, het uitladen van de boodschappen en het uitzoeken van dozen in de garage. Tegen de middag was de lucht opgeklaard en de windstille lucht hield de warmte vast tegen het asfalt en de gevel van het huis. Eerst probeerde hij het te negeren, dronk water en werkte de laatste taken af, maar het zweet verzamelde zich bij zijn kraag en plakte zijn hemd aan zijn rug. Zelfs binnen voelden de kamers benauwd."
28,28,L,Pablo wanted to cut the lumber he had bought to make some shelves. He asked his neighbor if he could borrow her,saw,hammer,rake,zipper,Pablo wilde het hout dat hij had gekocht op maat zagen om een paar planken te maken. Hij vroeg zijn buurvrouw of hij haar kon lenen,zaag,hamer,hark,"The stack of pine boards leaned against the garage wall, still wrapped in twine from the hardware store. Pablo measured the space in his pantry again, picturing neat rows of jars and cookbooks finally off the counter. He had sketched a simple plan on graph paper and marked each board with pencil lines where the cuts needed to go. When he opened his tool chest, he realized his own handsaw was missing and the circular saw he once owned had burned out months ago. He checked the closet and the shed, but found only sandpaper and a box of screws.",rits,"De stapel grenen planken leunde tegen de garagemuur, nog steeds omwikkeld met touw van de bouwmarkt. Pablo mat de ruimte in zijn voorraadkast opnieuw op en stelde zich nette rijen potten en kookboeken voor, eindelijk weg van het aanrecht. Hij had een eenvoudig plan geschetst op ruitjespapier en elke plank met potloodlijnen gemarkeerd waar de zaagsneden moesten komen. Toen hij zijn gereedschapskist opende, merkte hij dat zijn eigen handzaag weg was en dat de cirkelzaag die hij ooit had, maanden geleden was doorgebrand. Hij keek in de kast en in de schuur, maar vond alleen schuurpapier en een doos schroeven."
29,29,H,"Tina lined up where she thought the nail should go. When she was satisfied, she asked Bruce to hand her the",hammer,saw,shovel,button,"Tina zette zich in positie op de plek waar ze dacht dat de spijker moest komen. Toen ze tevreden was, vroeg ze Bruce om haar de te geven",hamer,zaag,schep,"Tina had been staring at the bare wall in the living room all afternoon, imagining how the space would look with the new framed photograph in place. She measured the distance from the doorway twice, then checked the height against the sofa back so it wouldn’t feel too low or too high. Bruce hovered nearby with the toolbox open, offering suggestions that Tina waved away with a grin. She wanted this one to be centered exactly, not “close enough.” After marking the spot lightly with a pencil, she stepped back and squinted, comparing it to the window trim and the bookshelf.",knop,"Tina had de hele middag naar de kale muur in de woonkamer zitten staren en stelde zich voor hoe de ruimte eruit zou zien met de nieuwe ingelijste foto op zijn plek. Ze mat twee keer de afstand vanaf de deuropening en controleerde daarna de hoogte ten opzichte van de rugleuning van de bank, zodat hij niet te laag of te hoog zou hangen. Bruce bleef in de buurt hangen met de gereedschapskist open en deed suggesties, die Tina met een grijns wegwuifde. Ze wilde dat dit precies in het midden kwam, niet “ongeveer goed”. Nadat ze de plek licht met potlood had gemarkeerd, deed ze een stap terug en kneep haar ogen samen, terwijl ze het vergeleek met de raamkozijnen en de boekenkast."
30,30,H,"The snow had piled up on the drive so high that they couldn't get the car out. When Albert woke up, his father handed him a",shovel,rake,saw,box,"De sneeuw had zich zo hoog opgehoopt op de oprit dat ze de auto er niet uit konden krijgen. Toen Albert wakker werd, gaf zijn vader hem een",schep,hark,zaag,"Overnight, the storm had grown from a gentle flurry into a steady white roar, smothering the neighborhood in silence. By morning, the windows were laced with frost, and the streetlights glowed faintly through curtains of drifting snow. Inside, the heater clicked and hummed, fighting the cold that seeped through every crack in the old house. Albert lay awake for a while, listening to the wind scrape along the siding and the occasional thud of snow sliding from the roof. He thought about school, about the errands his father had promised to run, and wondered if the day would be canceled.",doos,"’s Nachts was de storm uitgegroeid van een zacht dwarrelend sneeuwbuitje tot een aanhoudend wit gebrul, dat de buurt in stilte smoorde. Tegen de ochtend zaten de ramen vol rijp, en de straatlantaarns gloeiden vaag door gordijnen van stuifsneeuw. Binnen tikte en zoemde de verwarming, vechtend tegen de kou die door elke kier van het oude huis naar binnen kroop. Albert lag nog een tijd wakker en luisterde hoe de wind langs de gevel schraapte en af en toe met een doffe dreun sneeuw van het dak schoof. Hij dacht aan school, aan de boodschappen die zijn vader had beloofd te doen, en vroeg zich af of de dag zou worden afgelast."
31,31,H,The yard was completely covered with a thick layer of dead leaves. Erica decided it was time to get out the,rake,shovel,hammer,jar,De tuin was volledig bedekt met een dikke laag dode bladeren. Erica besloot dat het tijd was om de tevoorschijn te halen,hark,schep,hamer,"Autumn had arrived in full force, and with it came weeks of blustery winds and steady rain. The maples and oaks that lined Erica’s street had shed their branches’ bright colors all at once, as if the season had emptied its pockets overnight. Between late meetings and short daylight, she kept postponing outdoor chores, telling herself she would handle it on the weekend. But each morning the porch steps looked less defined, and the walkway to the mailbox grew slick and hidden beneath curled edges of brown and gold. Even the neighbor’s dog tracked leaves onto her doormat whenever it visited.",pot,"De herfst was in alle hevigheid losgebarsten, met weken van rukwinden en gestage regen. De esdoorns en eiken langs Erica’s straat hadden hun felle kleuren in één keer laten vallen, alsof het seizoen ’s nachts zijn zakken had leeggeschud. Tussen late vergaderingen en korte dagen bleef ze de klusjes buiten uitstellen en hield ze zichzelf voor dat ze het in het weekend zou doen. Maar elke ochtend waren de traptreden van de veranda minder duidelijk, en het pad naar de brievenbus werd glad en raakte verborgen onder gekrulde randen van bruin en goud. Zelfs de hond van de buren bracht bladeren mee tot op haar deurmat wanneer hij langskwam."
32,32,L,"Fred went to the pantry and got out the homemade jelly his grandmother had brought. Fifteen minutes later, however, he was still struggling to open the",jar,box,zipper,zebra,Fred ging naar de voorraadkast en haalde de zelfgemaakte jam tevoorschijn die zijn grootmoeder had meegebracht. Vijftien minuten later was hij echter nog steeds aan het worstelen om de te openen,pot,doos,rits,"The morning had started quietly, and Fred was determined to make it count. He’d promised himself a simple breakfast before tackling the long list of chores waiting in the garage. Toast seemed easy enough, and he could already imagine the sweet taste he’d been craving since last weekend. His grandmother had arrived with a small basket of gifts, insisting he take something “from home” to brighten his day. He’d set the jars aside without thinking much of it, but now the thought of that deep red preserve felt irresistible. Humming to himself, he cleared a space on the counter and reached for a knife and plate.",zebra,"De ochtend was rustig begonnen en Fred was vastbesloten er iets van te maken. Hij had zichzelf een eenvoudig ontbijt beloofd voordat hij aan de lange lijst klusjes begon die in de garage op hem wachtte. Toast leek makkelijk genoeg, en hij kon de zoete smaak al proeven waar hij sinds vorig weekend naar verlangde. Zijn grootmoeder was langsgekomen met een klein mandje cadeautjes en stond erop dat hij iets “van thuis” meenam om zijn dag op te vrolijken. Zonder erbij stil te staan had hij de potten weggezet, maar nu was de gedachte aan die dieprode jam onweerstaanbaar. Neuriënd maakte hij ruimte op het aanrecht en pakte een mes en een bord."
33,33,L,"After they unpacked the new refrigerator, they let Billy have his fun. He played for days afterwards with the big",box,jar,button,donkey,"Nadat ze de nieuwe koelkast hadden uitgepakt, lieten ze Billy zijn gang gaan. Daarna speelde hij dagenlang met de grote",doos,pot,knop,"The delivery truck rumbled up just after breakfast, and everyone crowded into the kitchen to watch the movers wrestle the enormous carton through the doorway. The old fridge had been wheezing for months, so the replacement felt like a small holiday—shiny, quiet, and promising colder milk and crisper vegetables. While the adults argued over where to put the shelves and taped the warranty papers to the side, Billy hovered nearby, eyes fixed on the towering cardboard. He trailed the foam blocks across the floor like treasure and kept circling the box, already imagining what it could become.",ezel,"De bestelwagen kwam net na het ontbijt aan, en iedereen drong de keuken in om te kijken hoe de verhuizers de enorme doos door de deuropening worstelden. De oude koelkast had al maanden staan hijgen, dus de vervanger voelde als een kleine feestdag: glanzend, stil, en met de belofte van koudere melk en krokantere groenten. Terwijl de volwassenen kibbelden over waar de plankjes moesten komen en de garantiepapieren met tape aan de zijkant plakten, bleef Billy in de buurt hangen, zijn blik op het torenhoge karton. Hij sleepte de schuimblokken over de vloer als een schat en bleef om de doos heen cirkelen, al dromend over wat hij ervan kon maken."
34,34,H,It seemed to catch every time she opened or closed her backpack. She decided she would have to replace the,zipper,button,box,dalmatian,Het leek elke keer te blijven haken wanneer ze haar rugzak opende of sloot. Ze besloot dat ze de moest vervangen,rits,knop,doos,"On the third day of the trip, she finally admitted something was wrong. At first, she blamed the cramped hostel room and the way her clothes bulged against the seams, but the problem followed her everywhere. In the museum lobby she struggled to pull out her ticket, and at the café she fumbled for her wallet while people waited behind her. The fabric around the opening looked slightly puckered, and one side of the teeth didn’t line up the way it used to. She ran her finger along the metal and felt a rough spot, like a burr.",dalmatiër,"Op de derde dag van de reis gaf ze eindelijk toe dat er iets mis was. Eerst gaf ze de krappe hostelkamer de schuld en de manier waarop haar kleren tegen de naden uitpuilden, maar het probleem volgde haar overal. In de museumhal worstelde ze om haar kaartje tevoorschijn te halen, en in het café graaide ze onhandig naar haar portemonnee terwijl mensen achter haar wachtten. De stof rond de opening leek licht gekreukt, en aan één kant sloten de tandjes niet meer zoals vroeger. Ze liet haar vinger langs het metaal glijden en voelde een ruwe plek, als een braam."
35,35,H,"One fell off her blouse and got lost, and she didn't have any extras. She ended up searching all over town to find a matching",button,zipper,jar,poodle,"Er viel er eentje van haar blouse af en die raakte kwijt, en ze had geen reserve-exemplaren. Uiteindelijk moest ze de hele stad afzoeken om een bijpassende te vinden",knop,rits,pot,"Marisol stared at her reflection in the café window, tugging nervously at the front of her favorite blouse. She had worn it for the job interview because the soft blue fabric made her look composed, but the long walk across town and the crush of the morning bus had left her feeling rumpled. As she smoothed the placket, she noticed the fabric gaping slightly near her collarbone. A thin thread dangled where something should have been, and her stomach tightened at the thought of meeting the hiring manager looking careless. She checked her purse for a small sewing kit, then her desk drawer at home, already calculating how much time she had.",poedel,"Marisol staarde naar haar spiegelbeeld in het raam van het café en trok nerveus aan de voorkant van haar favoriete blouse. Ze had die voor het sollicitatiegesprek aangetrokken omdat de zachtblauwe stof haar een beheerste uitstraling gaf, maar de lange wandeling door de stad en de drukte in de ochtendbus hadden haar verkreukeld doen voelen. Terwijl ze de knoopslijst gladstreek, merkte ze dat de stof bij haar sleutelbeen een beetje openstond. Er bungelde een dun draadje waar iets had moeten zitten, en haar maag trok samen bij de gedachte de hiring manager slordig tegemoet te treden. Ze doorzocht haar tas naar een naaisetje en dacht aan de lade thuis, al berekenend hoeveel tijd ze nog had."
36,36,L,"The firefighters wanted to have a mascot to live with them at the firehouse. Naturally, they decided it would have to be a",dalmatian,poodle,zebra,football,De brandweerlieden wilden een mascotte die bij hen in de kazerne kon wonen. Uiteraard besloten ze dat het een moest zijn dat een,dalmatiër,poedel,zebra,"At the downtown station, the crew worked long shifts that blurred into one another. Between calls, they cleaned gear, checked hoses, and tried to keep their spirits up in the quiet hours. Even with the constant banter, the building could feel empty once the engines rolled back into the bay. The captain noticed how everyone lingered after dinner, swapping stories and scrolling through photos of pets they missed at home. A few of the rookies admitted the nights were the hardest, when the alarms were silent and sleep came in fragments. They began talking about finding a companion to brighten the place.",voetbal,"Op het station in het centrum draaide de ploeg lange diensten die in elkaar overvloeiden. Tussen de meldingen door maakten ze materiaal schoon, controleerden ze slangen en probeerden ze in de stille uren de moed erin te houden. Ondanks het voortdurende geklets kon het gebouw leeg aanvoelen zodra de wagens weer de remise inreden. De kapitein merkte dat iedereen na het eten bleef hangen, verhalen uitwisselde en door foto’s scrolde van huisdieren die ze thuis misten. Enkele nieuwelingen gaven toe dat de nachten het zwaarst waren, wanneer de piepers zwegen en slaap in stukjes kwam. Ze begonnen te praten over een maatje dat de boel zou opvrolijken."
37,37,L,"Muffie, old Mrs. Smith's pet, wears a bow on the puff of fur on its head. I don't know how anyone could want to own a",poodle,dalmatian,donkey,baseball,"Muffie, het huisdier van de oude mevrouw Smith, draagt een strik op de pluk vacht op haar hoofd. Ik weet niet hoe iemand een zou willen bezitten",poedel,dalmatiër,ezel,"Every afternoon on Maple Street, the neighbors drift onto their porches to trade small talk and watch Mrs. Smith shuffle to the corner with her little dog. She moves slowly now, leaning on her cane, but she always brightens when the leash gives a gentle tug. The dog prances like it’s performing for an audience, nails clicking on the pavement, tail held high. Children stop to point and giggle, and Mrs. Smith beams as if she’s raised a champion. The thing is kept immaculately groomed, scented, and fussed over, with its curls shaped into tidy tufts.",honkbal,"Elke namiddag in Maple Street drijven de buren hun veranda op om wat koetjes en kalfjes uit te wisselen en te kijken hoe mevrouw Smith met haar kleine hondje naar de hoek schuifelt. Ze beweegt nu langzaam, steunend op haar wandelstok, maar ze fleurt altijd op zodra de riem zachtjes trekt. Het hondje danst alsof het voor publiek optreedt, nagels tikkend op het trottoir, staart fier omhoog. Kinderen blijven staan om te wijzen en te giechelen, en mevrouw Smith straalt alsof ze een kampioen heeft grootgebracht. Het beestje is onberispelijk verzorgd, ruikt lekker en wordt vertroeteld, met krullen in keurige plukjes gevormd."
38,38,L,"""I'm an animal like Eeyore!"" the child exclaimed. His mother wondered why he was pretending to be a",donkey,zebra,dalmatian,monopoly,"""Ik ben een dier zoals Iejoor!"" riep het kind uit. Zijn moeder vroeg zich af waarom hij deed alsof hij een",ezel,zebra,dalmatiër,"The living room was scattered with stuffed toys and half-finished drawings, but the child ignored them, pacing in slow circles near the couch. He let his head droop, shoulders slumped, and dragged his feet as if each step were a chore. Every so often he stopped to sigh dramatically, then shuffled again, murmuring in a low, gloomy voice. His mother looked up from folding laundry, amused at first and then curious, trying to place the character he was imitating. When she asked what game he was playing, he blinked solemnly and pointed to his long scarf, holding it like a tail.",monopolie,"De woonkamer lag bezaaid met knuffels en half afgemaakte tekeningen, maar het kind negeerde ze en ijsbeerde in trage cirkels bij de bank. Hij liet zijn hoofd hangen, zijn schouders zakten, en hij sleepte met zijn voeten alsof elke stap een karwei was. Af en toe bleef hij staan om dramatisch te zuchten, waarna hij weer voortschuifelde en in een lage, sombere stem mompelde. Zijn moeder keek op van het opvouwen van de was, eerst geamuseerd en daarna nieuwsgierig, terwijl ze probeerde te bedenken welk personage hij nadeed. Toen ze vroeg welk spelletje hij speelde, knipperde hij plechtig en wees naar zijn lange sjaal, die hij als een staart vasthield."
39,39,H,"At the zoo, my sister asked if they painted the black and white stripes on the animal. I explained to her that they were natural features of a",zebra,donkey,poodle,chess,In de dierentuin vroeg mijn zus of ze de zwart-witte strepen op het dier hadden geschilderd. Ik legde haar uit dat die van nature kenmerkend waren voor een,zebra,ezel,poedel,"We spent the afternoon wandering through the zoo, stopping at every enclosure that caught our attention. My sister stayed close to my side, tugging at my sleeve whenever she noticed something new. She was especially fascinated by patterns and colors, pointing out the spots on the giraffes and the rings on the lemurs’ tails as if she were collecting clues. When we reached the African savanna exhibit, she pressed her face to the glass, studying one animal with intense concentration. After a long moment, she tilted her head, clearly puzzled by what she saw.",schaken,"We brachten de middag door met rondslenteren in de dierentuin en stopten bij elk verblijf dat onze aandacht trok. Mijn zus bleef dicht bij me, trok aan mijn mouw zodra ze iets nieuws zag. Ze was vooral gefascineerd door patronen en kleuren; ze wees op de vlekken van de giraffen en de ringen op de staarten van de lemuren, alsof ze aanwijzingen verzamelde. Toen we bij het Afrikaanse savanneverblijf kwamen, drukte ze haar gezicht tegen het glas en bestudeerde ze één dier met intense concentratie. Na een lange tijd kantelde ze haar hoofd, duidelijk verbaasd over wat ze zag."
